material,method,run,hf_budget,hv
LCE,ParEGO,1,20,0.5481518971041321
LCE,ParEGO,1,30,0.5972141279318073
LCE,ParEGO,1,40,0.6336691009003778
LCE,ParEGO,1,50,0.6524922111560061
LCE,ParEGO,1,60,0.6741859337845597
LCE,ParEGO,1,70,0.6918058351969687
LCE,ParEGO,1,80,0.6959557515204341
LCE,ParEGO,1,90,0.7186064197508943
LCE,ParEGO,1,100,0.727402053015915
LCE,ParEGO,1,110,0.727402053015915
LCE,ParEGO,1,120,0.7307633725651221
LCE,ParEGO,2,20,0.5465092650433101
LCE,ParEGO,2,30,0.5853023386712994
LCE,ParEGO,2,40,0.6165079334172613
LCE,ParEGO,2,50,0.6421861917146016
LCE,ParEGO,2,60,0.6623311199349801
LCE,ParEGO,2,70,0.6800077667732314
LCE,ParEGO,2,80,0.6804157527316443
LCE,ParEGO,2,90,0.6955824717874908
LCE,ParEGO,2,100,0.7019539904109644
LCE,ParEGO,2,110,0.7039757797441656
LCE,ParEGO,2,120,0.7124677334838113
LCE,ParEGO,3,20,0.5497134103983972
LCE,ParEGO,3,30,0.5993445949655855
LCE,ParEGO,3,40,0.6328457491784367
LCE,ParEGO,3,50,0.6482846846539226
LCE,ParEGO,3,60,0.6678058111269134
LCE,ParEGO,3,70,0.6931558668385017
LCE,ParEGO,3,80,0.6950954423720255
LCE,ParEGO,3,90,0.7155337469255383
LCE,ParEGO,3,100,0.7155337469255383
LCE,ParEGO,3,110,0.7251047757258018
LCE,ParEGO,3,120,0.7275580830585398
LCE,ParEGO,4,20,0.556624587905103
LCE,ParEGO,4,30,0.6008996378141516
LCE,ParEGO,4,40,0.638156932542502
LCE,ParEGO,4,50,0.6662419615289652
LCE,ParEGO,4,60,0.6890215045789186
LCE,ParEGO,4,70,0.697746312469352
LCE,ParEGO,4,80,0.7149241376478385
LCE,ParEGO,4,90,0.719409063933615
LCE,ParEGO,4,100,0.729105753187322
LCE,ParEGO,4,110,0.7293112160308586
LCE,ParEGO,4,120,0.7388929684794485
LCE,ParEGO,5,20,0.5598058432308811
LCE,ParEGO,5,30,0.6132550963047873
LCE,ParEGO,5,40,0.6359681025925424
LCE,ParEGO,5,50,0.6639037560822865
LCE,ParEGO,5,60,0.6840233737896848
LCE,ParEGO,5,70,0.6997519901038736
LCE,ParEGO,5,80,0.7036021300019129
LCE,ParEGO,5,90,0.7045908157805822
LCE,ParEGO,5,100,0.7208740403001307
LCE,ParEGO,5,110,0.7237495841009447
LCE,ParEGO,5,120,0.7237495841009447
LCE,ParEGO,6,20,0.5492884331219839
LCE,ParEGO,6,30,0.5837703456873049
LCE,ParEGO,6,40,0.6146733954416904
LCE,ParEGO,6,50,0.6466367603058468
LCE,ParEGO,6,60,0.6571974426403768
LCE,ParEGO,6,70,0.6702231008517674
LCE,ParEGO,6,80,0.688445623176697
LCE,ParEGO,6,90,0.6940865901699561
LCE,ParEGO,6,100,0.6973915298154233
LCE,ParEGO,6,110,0.706066239993228
LCE,ParEGO,6,120,0.7146793960187516
LCE,ParEGO,7,20,0.5592227959429927
LCE,ParEGO,7,30,0.5915584217476801
LCE,ParEGO,7,40,0.6288262867715543
LCE,ParEGO,7,50,0.6531632823735167
LCE,ParEGO,7,60,0.6684117265736991
LCE,ParEGO,7,70,0.6821966887716229
LCE,ParEGO,7,80,0.6939525255525097
LCE,ParEGO,7,90,0.7047087010024203
LCE,ParEGO,7,100,0.7066869723678884
LCE,ParEGO,7,110,0.7142698456894502
LCE,ParEGO,7,120,0.7229185554825099
LCE,ParEGO,8,20,0.5680610125165106
LCE,ParEGO,8,30,0.607162075075341
LCE,ParEGO,8,40,0.6463190381397013
LCE,ParEGO,8,50,0.6737671182459719
LCE,ParEGO,8,60,0.6847131824256493
LCE,ParEGO,8,70,0.7036808777762695
LCE,ParEGO,8,80,0.707087144449405
LCE,ParEGO,8,90,0.7289297790067566
LCE,ParEGO,8,100,0.7341664564044265
LCE,ParEGO,8,110,0.7341664564044265
LCE,ParEGO,8,120,0.736961941955174
LCE,ParEGO,9,20,0.5555497874187076
LCE,ParEGO,9,30,0.5952389720629814
LCE,ParEGO,9,40,0.6280796975597451
LCE,ParEGO,9,50,0.6472060253414115
LCE,ParEGO,9,60,0.6684073357915596
LCE,ParEGO,9,70,0.6825097239070929
LCE,ParEGO,9,80,0.6903036059639843
LCE,ParEGO,9,90,0.7071464354269364
LCE,ParEGO,9,100,0.7071464354269364
LCE,ParEGO,9,110,0.7162859615418334
LCE,ParEGO,9,120,0.7241181102124115
LCE,ParEGO,10,20,0.5551935886000768
LCE,ParEGO,10,30,0.5838682009187811
LCE,ParEGO,10,40,0.6158334725221407
LCE,ParEGO,10,50,0.6431448993925042
LCE,ParEGO,10,60,0.6581212179253361
LCE,ParEGO,10,70,0.6766213089223813
LCE,ParEGO,10,80,0.690311580049522
LCE,ParEGO,10,90,0.7011469482812609
LCE,ParEGO,10,100,0.7019717336751373
LCE,ParEGO,10,110,0.721574715463933
LCE,ParEGO,10,120,0.7238016548789389
LCE,ParEGO,11,20,0.5603126311869415
LCE,ParEGO,11,30,0.5905762252553106
LCE,ParEGO,11,40,0.6164087757230702
LCE,ParEGO,11,50,0.6423978404769124
LCE,ParEGO,11,60,0.6552225690853377
LCE,ParEGO,11,70,0.6733592687067457
LCE,ParEGO,11,80,0.6906224786075118
LCE,ParEGO,11,90,0.6921988954022034
LCE,ParEGO,11,100,0.7075293654173443
LCE,ParEGO,11,110,0.7075293654173443
LCE,ParEGO,11,120,0.7172685870221162
LCE,ParEGO,12,20,0.5505529942283889
LCE,ParEGO,12,30,0.6027816364582964
LCE,ParEGO,12,40,0.6267126337212332
LCE,ParEGO,12,50,0.6470507428574808
LCE,ParEGO,12,60,0.6770919814473867
LCE,ParEGO,12,70,0.6823312310364599
LCE,ParEGO,12,80,0.6890646939997735
LCE,ParEGO,12,90,0.7060238445099956
LCE,ParEGO,12,100,0.7167612064004371
LCE,ParEGO,12,110,0.7167612064004371
LCE,ParEGO,12,120,0.7274464945935041
LCE,ParEGO,13,20,0.5519723543614478
LCE,ParEGO,13,30,0.5979854605480892
LCE,ParEGO,13,40,0.6287112948273631
LCE,ParEGO,13,50,0.6563392097352054
LCE,ParEGO,13,60,0.666775254508695
LCE,ParEGO,13,70,0.6898082186696108
LCE,ParEGO,13,80,0.7025376333021418
LCE,ParEGO,13,90,0.7065816121451681
LCE,ParEGO,13,100,0.7108583434847154
LCE,ParEGO,13,110,0.7196450343220133
LCE,ParEGO,13,120,0.7278929640940269
LCE,ParEGO,14,20,0.563110609051205
LCE,ParEGO,14,30,0.5923427476687921
LCE,ParEGO,14,40,0.6297443270704345
LCE,ParEGO,14,50,0.6561019416571657
LCE,ParEGO,14,60,0.673525691283125
LCE,ParEGO,14,70,0.6928526711397263
LCE,ParEGO,14,80,0.7070870443852582
LCE,ParEGO,14,90,0.7084920828779532
LCE,ParEGO,14,100,0.724825775934088
LCE,ParEGO,14,110,0.7293403344917804
LCE,ParEGO,14,120,0.7307409705190325
LCE,ParEGO,15,20,0.5665958887848638
LCE,ParEGO,15,30,0.6097407915837694
LCE,ParEGO,15,40,0.6453056672822712
LCE,ParEGO,15,50,0.669921068720413
LCE,ParEGO,15,60,0.6857146563004429
LCE,ParEGO,15,70,0.7048761721997703
LCE,ParEGO,15,80,0.7089205436954956
LCE,ParEGO,15,90,0.7126248556427137
LCE,ParEGO,15,100,0.7317082923482509
LCE,ParEGO,15,110,0.7317082923482509
LCE,ParEGO,15,120,0.7368127278069433
LCE,GP-BO,1,20,0.5565890582577518
LCE,GP-BO,1,30,0.6004995534101211
LCE,GP-BO,1,40,0.6410500564498923
LCE,GP-BO,1,50,0.6635023907563321
LCE,GP-BO,1,60,0.6808297830104443
LCE,GP-BO,1,70,0.7110964057407022
LCE,GP-BO,1,80,0.7110964057407022
LCE,GP-BO,1,90,0.7142443071638553
LCE,GP-BO,1,100,0.7221612043238612
LCE,GP-BO,1,110,0.7265249022610734
LCE,GP-BO,1,120,0.7299033658331862
LCE,GP-BO,2,20,0.561047852769856
LCE,GP-BO,2,30,0.6061258404828095
LCE,GP-BO,2,40,0.6605482228681342
LCE,GP-BO,2,50,0.678833502389656
LCE,GP-BO,2,60,0.6914869972937226
LCE,GP-BO,2,70,0.7048508566533672
LCE,GP-BO,2,80,0.7250353887017463
LCE,GP-BO,2,90,0.7250353887017463
LCE,GP-BO,2,100,0.7369770638207866
LCE,GP-BO,2,110,0.7369770638207866
LCE,GP-BO,2,120,0.7369770638207866
LCE,GP-BO,3,20,0.5636281889777488
LCE,GP-BO,3,30,0.6038561566484235
LCE,GP-BO,3,40,0.6438166428133781
LCE,GP-BO,3,50,0.6595777627575495
LCE,GP-BO,3,60,0.6815069262896055
LCE,GP-BO,3,70,0.6918863391126677
LCE,GP-BO,3,80,0.6986856824446093
LCE,GP-BO,3,90,0.7066437893278367
LCE,GP-BO,3,100,0.7207345676885019
LCE,GP-BO,3,110,0.7207345676885019
LCE,GP-BO,3,120,0.7281420709220918
LCE,GP-BO,4,20,0.5517127706996992
LCE,GP-BO,4,30,0.5915831174749505
LCE,GP-BO,4,40,0.632968068032338
LCE,GP-BO,4,50,0.64741503727902
LCE,GP-BO,4,60,0.6695123391529062
LCE,GP-BO,4,70,0.6904315344677924
LCE,GP-BO,4,80,0.6943293355680294
LCE,GP-BO,4,90,0.7206395430138371
LCE,GP-BO,4,100,0.7208225002745956
LCE,GP-BO,4,110,0.7320127560249347
LCE,GP-BO,4,120,0.7431611377928854
LCE,GP-BO,5,20,0.5578970655232702
LCE,GP-BO,5,30,0.5948083776253195
LCE,GP-BO,5,40,0.6297967780327016
LCE,GP-BO,5,50,0.6529748841428439
LCE,GP-BO,5,60,0.6701658453965904
LCE,GP-BO,5,70,0.6815663089276894
LCE,GP-BO,5,80,0.7022249214789917
LCE,GP-BO,5,90,0.7070089990440023
LCE,GP-BO,5,100,0.7114380420058931
LCE,GP-BO,5,110,0.7186767228588669
LCE,GP-BO,5,120,0.7186767228588669
LCE,GP-BO,6,20,0.5710314484887391
LCE,GP-BO,6,30,0.6092693382159788
LCE,GP-BO,6,40,0.6445227063590859
LCE,GP-BO,6,50,0.6845047418682849
LCE,GP-BO,6,60,0.7003840215101172
LCE,GP-BO,6,70,0.7226323633805397
LCE,GP-BO,6,80,0.7226323633805397
LCE,GP-BO,6,90,0.7335006305124784
LCE,GP-BO,6,100,0.7374829437816278
LCE,GP-BO,6,110,0.7452845548238655
LCE,GP-BO,6,120,0.7461882699617759
LCE,GP-BO,7,20,0.5601163754132216
LCE,GP-BO,7,30,0.6021698657181849
LCE,GP-BO,7,40,0.6261158802857515
LCE,GP-BO,7,50,0.6505450087884809
LCE,GP-BO,7,60,0.6837258056857941
LCE,GP-BO,7,70,0.6953325831898222
LCE,GP-BO,7,80,0.7100262392151719
LCE,GP-BO,7,90,0.719928938551453
LCE,GP-BO,7,100,0.719928938551453
LCE,GP-BO,7,110,0.7288055335557173
LCE,GP-BO,7,120,0.7311046983436762
LCE,GP-BO,8,20,0.5585855597701287
LCE,GP-BO,8,30,0.6100794335590041
LCE,GP-BO,8,40,0.6356065184061117
LCE,GP-BO,8,50,0.6611545647971676
LCE,GP-BO,8,60,0.6850999539181786
LCE,GP-BO,8,70,0.703709400992553
LCE,GP-BO,8,80,0.7129892220424832
LCE,GP-BO,8,90,0.7210150571368705
LCE,GP-BO,8,100,0.7293141604732277
LCE,GP-BO,8,110,0.7293141604732277
LCE,GP-BO,8,120,0.7350864966637228
LCE,GP-BO,9,20,0.561346534634156
LCE,GP-BO,9,30,0.6001969546979243
LCE,GP-BO,9,40,0.643272796649877
LCE,GP-BO,9,50,0.666060515580317
LCE,GP-BO,9,60,0.6783016280934588
LCE,GP-BO,9,70,0.7061946393189312
LCE,GP-BO,9,80,0.7125112829130893
LCE,GP-BO,9,90,0.7266148412025472
LCE,GP-BO,9,100,0.7413116921511441
LCE,GP-BO,9,110,0.7413116921511441
LCE,GP-BO,9,120,0.7413116921511441
LCE,GP-BO,10,20,0.5529982343494425
LCE,GP-BO,10,30,0.5939882347228125
LCE,GP-BO,10,40,0.6200424074952595
LCE,GP-BO,10,50,0.643477063389777
LCE,GP-BO,10,60,0.656060887884095
LCE,GP-BO,10,70,0.6804373293935033
LCE,GP-BO,10,80,0.6816812060396003
LCE,GP-BO,10,90,0.6965072641609373
LCE,GP-BO,10,100,0.7046850948439582
LCE,GP-BO,10,110,0.7230974041818391
LCE,GP-BO,10,120,0.7230974041818391
LCE,GP-BO,11,20,0.562331955972589
LCE,GP-BO,11,30,0.6143167236991776
LCE,GP-BO,11,40,0.6473925876430965
LCE,GP-BO,11,50,0.6764933389921061
LCE,GP-BO,11,60,0.6999340914426222
LCE,GP-BO,11,70,0.711866598520578
LCE,GP-BO,11,80,0.7251166850021872
LCE,GP-BO,11,90,0.7288956144634281
LCE,GP-BO,11,100,0.7377595137381374
LCE,GP-BO,11,110,0.7377595137381374
LCE,GP-BO,11,120,0.742786424361945
LCE,GP-BO,12,20,0.5552430474684339
LCE,GP-BO,12,30,0.6056979170020149
LCE,GP-BO,12,40,0.6308040012073348
LCE,GP-BO,12,50,0.6616334359038443
LCE,GP-BO,12,60,0.6843241722011881
LCE,GP-BO,12,70,0.6954796702084642
LCE,GP-BO,12,80,0.7061844915236682
LCE,GP-BO,12,90,0.7207418990341667
LCE,GP-BO,12,100,0.7253614913215727
LCE,GP-BO,12,110,0.7283673875107856
LCE,GP-BO,12,120,0.733322618440497
LCE,GP-BO,13,20,0.5666345502910808
LCE,GP-BO,13,30,0.6103472118983264
LCE,GP-BO,13,40,0.639457864958394
LCE,GP-BO,13,50,0.6726058856349009
LCE,GP-BO,13,60,0.6855690528800891
LCE,GP-BO,13,70,0.7012926266115606
LCE,GP-BO,13,80,0.7101595265478511
LCE,GP-BO,13,90,0.7226224552204032
LCE,GP-BO,13,100,0.7226224552204032
LCE,GP-BO,13,110,0.7299378278544983
LCE,GP-BO,13,120,0.7331159593095783
LCE,GP-BO,14,20,0.5576393852259707
LCE,GP-BO,14,30,0.590044133958218
LCE,GP-BO,14,40,0.6285805160990853
LCE,GP-BO,14,50,0.6515333712478858
LCE,GP-BO,14,60,0.6841519899516243
LCE,GP-BO,14,70,0.6979809826428062
LCE,GP-BO,14,80,0.7048510322685779
LCE,GP-BO,14,90,0.7161124565152914
LCE,GP-BO,14,100,0.7221629396815988
LCE,GP-BO,14,110,0.7271717978912732
LCE,GP-BO,14,120,0.7394454053838626
LCE,GP-BO,15,20,0.5565930962886153
LCE,GP-BO,15,30,0.6062527638151192
LCE,GP-BO,15,40,0.6559468584719765
LCE,GP-BO,15,50,0.6732472778910515
LCE,GP-BO,15,60,0.6968914713661247
LCE,GP-BO,15,70,0.7135965951407915
LCE,GP-BO,15,80,0.7303191724885728
LCE,GP-BO,15,90,0.7397022711107393
LCE,GP-BO,15,100,0.7427169794842302
LCE,GP-BO,15,110,0.7427169794842302
LCE,GP-BO,15,120,0.7468611348417745
LCE,Physics-free,1,20,0.5683274100367924
LCE,Physics-free,1,30,0.6091766193978015
LCE,Physics-free,1,40,0.6444706268170495
LCE,Physics-free,1,50,0.6725677668294285
LCE,Physics-free,1,60,0.6955575572743058
LCE,Physics-free,1,70,0.7218151046738226
LCE,Physics-free,1,80,0.7300986319032989
LCE,Physics-free,1,90,0.7358687373426055
LCE,Physics-free,1,100,0.7432522029007534
LCE,Physics-free,1,110,0.7432522029007534
LCE,Physics-free,1,120,0.7458794140725222
LCE,Physics-free,2,20,0.5777710269171333
LCE,Physics-free,2,30,0.6322079699973647
LCE,Physics-free,2,40,0.6665546857858395
LCE,Physics-free,2,50,0.7002793418152188
LCE,Physics-free,2,60,0.7169597807603985
LCE,Physics-free,2,70,0.7392043741988438
LCE,Physics-free,2,80,0.7581063956404956
LCE,Physics-free,2,90,0.7581109219562683
LCE,Physics-free,2,100,0.7637635912035825
LCE,Physics-free,2,110,0.768219759687544
LCE,Physics-free,2,120,0.7721242981468331
LCE,Physics-free,3,20,0.5643555946688508
LCE,Physics-free,3,30,0.6066427392315807
LCE,Physics-free,3,40,0.6408444852624363
LCE,Physics-free,3,50,0.6767501621266895
LCE,Physics-free,3,60,0.6979754826335557
LCE,Physics-free,3,70,0.7157885236935545
LCE,Physics-free,3,80,0.7360499612738501
LCE,Physics-free,3,90,0.7445872093819131
LCE,Physics-free,3,100,0.7519438658541563
LCE,Physics-free,3,110,0.7688725347818601
LCE,Physics-free,3,120,0.7688725347818601
LCE,Physics-free,4,20,0.5682716650068893
LCE,Physics-free,4,30,0.6163567850263073
LCE,Physics-free,4,40,0.6586244044651085
LCE,Physics-free,4,50,0.6936544655333536
LCE,Physics-free,4,60,0.7152376030082643
LCE,Physics-free,4,70,0.7237716791295571
LCE,Physics-free,4,80,0.7374442601248342
LCE,Physics-free,4,90,0.7479287955269934
LCE,Physics-free,4,100,0.7542071181196259
LCE,Physics-free,4,110,0.7558720407758217
LCE,Physics-free,4,120,0.7717188404379272
LCE,Physics-free,5,20,0.5705849168000683
LCE,Physics-free,5,30,0.6377993390981743
LCE,Physics-free,5,40,0.6821938141306524
LCE,Physics-free,5,50,0.7014971275461741
LCE,Physics-free,5,60,0.724074088675927
LCE,Physics-free,5,70,0.738825215311703
LCE,Physics-free,5,80,0.7552987744036789
LCE,Physics-free,5,90,0.7664871568874865
LCE,Physics-free,5,100,0.7698219711727863
LCE,Physics-free,5,110,0.7896200186751547
LCE,Physics-free,5,120,0.7896200186751547
LCE,Physics-free,6,20,0.5720010140097869
LCE,Physics-free,6,30,0.6304859252376135
LCE,Physics-free,6,40,0.6672681371632578
LCE,Physics-free,6,50,0.6963676243070679
LCE,Physics-free,6,60,0.7253216317989987
LCE,Physics-free,6,70,0.7381871099390684
LCE,Physics-free,6,80,0.7469329920824646
LCE,Physics-free,6,90,0.7501539575473676
LCE,Physics-free,6,100,0.7577248896072715
LCE,Physics-free,6,110,0.7691194061161624
LCE,Physics-free,6,120,0.7691194061161624
LCE,Physics-free,7,20,0.5693281538767688
LCE,Physics-free,7,30,0.6216590635593807
LCE,Physics-free,7,40,0.662781476610571
LCE,Physics-free,7,50,0.6960277373770138
LCE,Physics-free,7,60,0.7148581293960837
LCE,Physics-free,7,70,0.7296273036694157
LCE,Physics-free,7,80,0.736915747491241
LCE,Physics-free,7,90,0.7450533082389585
LCE,Physics-free,7,100,0.7538918316480379
LCE,Physics-free,7,110,0.7565355217052394
LCE,Physics-free,7,120,0.7606007928630827
LCE,Physics-free,8,20,0.5647603234775935
LCE,Physics-free,8,30,0.6225201876871302
LCE,Physics-free,8,40,0.661451705607084
LCE,Physics-free,8,50,0.6870485515446967
LCE,Physics-free,8,60,0.7109409996760951
LCE,Physics-free,8,70,0.7241390338684693
LCE,Physics-free,8,80,0.7409253098303734
LCE,Physics-free,8,90,0.7409253098303734
LCE,Physics-free,8,100,0.7537476297946667
LCE,Physics-free,8,110,0.7552861422862414
LCE,Physics-free,8,120,0.769641347402892
LCE,Physics-free,9,20,0.5715666189660957
LCE,Physics-free,9,30,0.6332183186049269
LCE,Physics-free,9,40,0.6686954340347385
LCE,Physics-free,9,50,0.6942075097229311
LCE,Physics-free,9,60,0.7097660865933784
LCE,Physics-free,9,70,0.7349892695696995
LCE,Physics-free,9,80,0.7464092738878231
LCE,Physics-free,9,90,0.7529848898548482
LCE,Physics-free,9,100,0.7642919109874194
LCE,Physics-free,9,110,0.7764049635563524
LCE,Physics-free,9,120,0.7764049635563524
LCE,Physics-free,10,20,0.5718068529064986
LCE,Physics-free,10,30,0.6261711532882561
LCE,Physics-free,10,40,0.6734103604481626
LCE,Physics-free,10,50,0.7014369954456124
LCE,Physics-free,10,60,0.7223812054069866
LCE,Physics-free,10,70,0.7447653128889228
LCE,Physics-free,10,80,0.7541042931134302
LCE,Physics-free,10,90,0.7646313695744837
LCE,Physics-free,10,100,0.7679096517540834
LCE,Physics-free,10,110,0.7726425242988162
LCE,Physics-free,10,120,0.7774792579717403
LCE,Physics-free,11,20,0.5685792604957752
LCE,Physics-free,11,30,0.619596695660123
LCE,Physics-free,11,40,0.6660248027281974
LCE,Physics-free,11,50,0.6988501653457255
LCE,Physics-free,11,60,0.726358677393169
LCE,Physics-free,11,70,0.736582037572323
LCE,Physics-free,11,80,0.7552654303664852
LCE,Physics-free,11,90,0.7594244975807926
LCE,Physics-free,11,100,0.7720545734676398
LCE,Physics-free,11,110,0.7730790528295468
LCE,Physics-free,11,120,0.7796282417945761
LCE,Physics-free,12,20,0.5736837919761631
LCE,Physics-free,12,30,0.6262438271839057
LCE,Physics-free,12,40,0.6706409281027529
LCE,Physics-free,12,50,0.6912603706913532
LCE,Physics-free,12,60,0.7267442271005714
LCE,Physics-free,12,70,0.7272171042357078
LCE,Physics-free,12,80,0.7455691552978045
LCE,Physics-free,12,90,0.7582313321568548
LCE,Physics-free,12,100,0.7582313321568548
LCE,Physics-free,12,110,0.7731905872133735
LCE,Physics-free,12,120,0.7731905872133735
LCE,Physics-free,13,20,0.5733174248314189
LCE,Physics-free,13,30,0.6365595702552903
LCE,Physics-free,13,40,0.6742786034757094
LCE,Physics-free,13,50,0.7071355718879023
LCE,Physics-free,13,60,0.7321732312655836
LCE,Physics-free,13,70,0.739866423821622
LCE,Physics-free,13,80,0.7528921402372972
LCE,Physics-free,13,90,0.7578163151866948
LCE,Physics-free,13,100,0.7583234030818776
LCE,Physics-free,13,110,0.7670284205855199
LCE,Physics-free,13,120,0.7712404308414058
LCE,Physics-free,14,20,0.5804830520918759
LCE,Physics-free,14,30,0.6268866690393
LCE,Physics-free,14,40,0.6734391907654874
LCE,Physics-free,14,50,0.7001627661949039
LCE,Physics-free,14,60,0.7254582064574332
LCE,Physics-free,14,70,0.7420934232005597
LCE,Physics-free,14,80,0.7535602248607508
LCE,Physics-free,14,90,0.7587981720180631
LCE,Physics-free,14,100,0.773265020022985
LCE,Physics-free,14,110,0.773265020022985
LCE,Physics-free,14,120,0.7808588247790772
LCE,Physics-free,15,20,0.566635440636901
LCE,Physics-free,15,30,0.6238126362878628
LCE,Physics-free,15,40,0.6579987079951757
LCE,Physics-free,15,50,0.6900181289368128
LCE,Physics-free,15,60,0.7081186364672735
LCE,Physics-free,15,70,0.7251259148460214
LCE,Physics-free,15,80,0.7349741880759599
LCE,Physics-free,15,90,0.7500437624025861
LCE,Physics-free,15,100,0.7500437624025861
LCE,Physics-free,15,110,0.7594931485255078
LCE,Physics-free,15,120,0.7651391715622999
LCE,MF-SAEA,1,20,0.5933004732231228
LCE,MF-SAEA,1,30,0.6450820029599839
LCE,MF-SAEA,1,40,0.6988858325306744
LCE,MF-SAEA,1,50,0.7291924153675254
LCE,MF-SAEA,1,60,0.7448021201112097
LCE,MF-SAEA,1,70,0.76630379247269
LCE,MF-SAEA,1,80,0.7683391086851591
LCE,MF-SAEA,1,90,0.7819179065111991
LCE,MF-SAEA,1,100,0.7953455063138133
LCE,MF-SAEA,1,110,0.796782158958981
LCE,MF-SAEA,1,120,0.8037340449242154
LCE,MF-SAEA,2,20,0.5931120938287531
LCE,MF-SAEA,2,30,0.6697424689450882
LCE,MF-SAEA,2,40,0.7086548913314838
LCE,MF-SAEA,2,50,0.7521529931265001
LCE,MF-SAEA,2,60,0.7641279530685486
LCE,MF-SAEA,2,70,0.7858420703441769
LCE,MF-SAEA,2,80,0.7871133768115594
LCE,MF-SAEA,2,90,0.7924611315826838
LCE,MF-SAEA,2,100,0.8015780841523056
LCE,MF-SAEA,2,110,0.8015780841523056
LCE,MF-SAEA,2,120,0.8015780841523056
LCE,MF-SAEA,3,20,0.5884288890466007
LCE,MF-SAEA,3,30,0.6543848200561072
LCE,MF-SAEA,3,40,0.7113869080975271
LCE,MF-SAEA,3,50,0.734997830845731
LCE,MF-SAEA,3,60,0.7603497873770316
LCE,MF-SAEA,3,70,0.7805607693427468
LCE,MF-SAEA,3,80,0.7828925558133446
LCE,MF-SAEA,3,90,0.7895438328010295
LCE,MF-SAEA,3,100,0.803163590408798
LCE,MF-SAEA,3,110,0.803163590408798
LCE,MF-SAEA,3,120,0.8116235402980972
LCE,MF-SAEA,4,20,0.5916607235236514
LCE,MF-SAEA,4,30,0.6486504729265359
LCE,MF-SAEA,4,40,0.695226666502294
LCE,MF-SAEA,4,50,0.7227902074499407
LCE,MF-SAEA,4,60,0.7434946901329121
LCE,MF-SAEA,4,70,0.7580180984720364
LCE,MF-SAEA,4,80,0.7718205544819321
LCE,MF-SAEA,4,90,0.7754297091170064
LCE,MF-SAEA,4,100,0.786374702392474
LCE,MF-SAEA,4,110,0.7903468614035417
LCE,MF-SAEA,4,120,0.7937876108140797
LCE,MF-SAEA,5,20,0.5750975871047038
LCE,MF-SAEA,5,30,0.6382484506249362
LCE,MF-SAEA,5,40,0.6775153072349638
LCE,MF-SAEA,5,50,0.7125637766156149
LCE,MF-SAEA,5,60,0.7324598628027795
LCE,MF-SAEA,5,70,0.757522762747862
LCE,MF-SAEA,5,80,0.7660760602688368
LCE,MF-SAEA,5,90,0.7846794475261991
LCE,MF-SAEA,5,100,0.7846794475261991
LCE,MF-SAEA,5,110,0.7963604416054679
LCE,MF-SAEA,5,120,0.8036199506662992
LCE,MF-SAEA,6,20,0.5763657919671541
LCE,MF-SAEA,6,30,0.6422913858529439
LCE,MF-SAEA,6,40,0.6864416533592987
LCE,MF-SAEA,6,50,0.7161307971199393
LCE,MF-SAEA,6,60,0.7462794214519733
LCE,MF-SAEA,6,70,0.75647252686114
LCE,MF-SAEA,6,80,0.7695099514339347
LCE,MF-SAEA,6,90,0.7716548584634598
LCE,MF-SAEA,6,100,0.7904065782202517
LCE,MF-SAEA,6,110,0.7904065782202517
LCE,MF-SAEA,6,120,0.7904065782202517
LCE,MF-SAEA,7,20,0.5877611643504772
LCE,MF-SAEA,7,30,0.6548293638247932
LCE,MF-SAEA,7,40,0.7010504704779666
LCE,MF-SAEA,7,50,0.738625316984193
LCE,MF-SAEA,7,60,0.7546299426999181
LCE,MF-SAEA,7,70,0.7610147398061132
LCE,MF-SAEA,7,80,0.7841624389859997
LCE,MF-SAEA,7,90,0.7873461576777344
LCE,MF-SAEA,7,100,0.7873461576777344
LCE,MF-SAEA,7,110,0.8008362505920364
LCE,MF-SAEA,7,120,0.8008362505920364
LCE,MF-SAEA,8,20,0.5953636185424277
LCE,MF-SAEA,8,30,0.6576768259330044
LCE,MF-SAEA,8,40,0.6977124022814362
LCE,MF-SAEA,8,50,0.7355666330248776
LCE,MF-SAEA,8,60,0.7588692317272049
LCE,MF-SAEA,8,70,0.7703175395184951
LCE,MF-SAEA,8,80,0.7912265983751164
LCE,MF-SAEA,8,90,0.7990923101583797
LCE,MF-SAEA,8,100,0.7990923101583797
LCE,MF-SAEA,8,110,0.8001006032162402
LCE,MF-SAEA,8,120,0.8068694823970802
LCE,MF-SAEA,9,20,0.5902544161762515
LCE,MF-SAEA,9,30,0.6674592328875094
LCE,MF-SAEA,9,40,0.7062670231640223
LCE,MF-SAEA,9,50,0.7440837566184179
LCE,MF-SAEA,9,60,0.7692601312527907
LCE,MF-SAEA,9,70,0.7817844799107604
LCE,MF-SAEA,9,80,0.8027643731336496
LCE,MF-SAEA,9,90,0.805390908658848
LCE,MF-SAEA,9,100,0.805390908658848
LCE,MF-SAEA,9,110,0.8115219890800719
LCE,MF-SAEA,9,120,0.8182233265650389
LCE,MF-SAEA,10,20,0.5925230956338451
LCE,MF-SAEA,10,30,0.6612804773950003
LCE,MF-SAEA,10,40,0.6974534927882453
LCE,MF-SAEA,10,50,0.7383724924070655
LCE,MF-SAEA,10,60,0.7553274264865495
LCE,MF-SAEA,10,70,0.7676418135570675
LCE,MF-SAEA,10,80,0.787660507831192
LCE,MF-SAEA,10,90,0.8020355766529819
LCE,MF-SAEA,10,100,0.8057354143467689
LCE,MF-SAEA,10,110,0.8154374888931343
LCE,MF-SAEA,10,120,0.8154374888931343
LCE,MF-SAEA,11,20,0.5986031500232106
LCE,MF-SAEA,11,30,0.6625817357008199
LCE,MF-SAEA,11,40,0.7163096752263125
LCE,MF-SAEA,11,50,0.7490319873762394
LCE,MF-SAEA,11,60,0.7718077892085492
LCE,MF-SAEA,11,70,0.7810873732301782
LCE,MF-SAEA,11,80,0.7928407131936744
LCE,MF-SAEA,11,90,0.8009167019763207
LCE,MF-SAEA,11,100,0.8009167019763207
LCE,MF-SAEA,11,110,0.8009167019763207
LCE,MF-SAEA,11,120,0.8087358744446657
LCE,MF-SAEA,12,20,0.5824359873747458
LCE,MF-SAEA,12,30,0.6480587703282515
LCE,MF-SAEA,12,40,0.6915895558155407
LCE,MF-SAEA,12,50,0.7287587622918965
LCE,MF-SAEA,12,60,0.7494507726909291
LCE,MF-SAEA,12,70,0.7698648306609714
LCE,MF-SAEA,12,80,0.7698648306609714
LCE,MF-SAEA,12,90,0.7817444130458306
LCE,MF-SAEA,12,100,0.7817444130458306
LCE,MF-SAEA,12,110,0.7897106793169146
LCE,MF-SAEA,12,120,0.7908772976074065
LCE,MF-SAEA,13,20,0.5837571903381463
LCE,MF-SAEA,13,30,0.6449797505031494
LCE,MF-SAEA,13,40,0.6840489543559065
LCE,MF-SAEA,13,50,0.7182553073960745
LCE,MF-SAEA,13,60,0.7407114880783531
LCE,MF-SAEA,13,70,0.7577313121633467
LCE,MF-SAEA,13,80,0.7630512886210199
LCE,MF-SAEA,13,90,0.7694491979138346
LCE,MF-SAEA,13,100,0.7818072869088026
LCE,MF-SAEA,13,110,0.7885697620384661
LCE,MF-SAEA,13,120,0.7885697620384661
LCE,MF-SAEA,14,20,0.5854638260044693
LCE,MF-SAEA,14,30,0.6378997253910494
LCE,MF-SAEA,14,40,0.6968374692373647
LCE,MF-SAEA,14,50,0.728309429253687
LCE,MF-SAEA,14,60,0.7385864728893102
LCE,MF-SAEA,14,70,0.7543122652606379
LCE,MF-SAEA,14,80,0.763289087917449
LCE,MF-SAEA,14,90,0.7680290627964148
LCE,MF-SAEA,14,100,0.7811188468946981
LCE,MF-SAEA,14,110,0.7919715767695646
LCE,MF-SAEA,14,120,0.7919715767695646
LCE,MF-SAEA,15,20,0.5861535966798689
LCE,MF-SAEA,15,30,0.6592668060871996
LCE,MF-SAEA,15,40,0.7101613889512289
LCE,MF-SAEA,15,50,0.743195680703761
LCE,MF-SAEA,15,60,0.7644653826725285
LCE,MF-SAEA,15,70,0.7767467161834882
LCE,MF-SAEA,15,80,0.7798959832415586
LCE,MF-SAEA,15,90,0.7978160484839771
LCE,MF-SAEA,15,100,0.8082356044914568
LCE,MF-SAEA,15,110,0.8082356044914568
LCE,MF-SAEA,15,120,0.8123775126744728
LCE,Proposed,1,20,0.6308082005219086
LCE,Proposed,1,30,0.7124682885273081
LCE,Proposed,1,40,0.7703842267546321
LCE,Proposed,1,50,0.8109149324924795
LCE,Proposed,1,60,0.8388797238976033
LCE,Proposed,1,70,0.8547265357662973
LCE,Proposed,1,80,0.8634667499777061
LCE,Proposed,1,90,0.8657476520742144
LCE,Proposed,1,100,0.8740700635916641
LCE,Proposed,1,110,0.8787275343695692
LCE,Proposed,1,120,0.8838171952890118
LCE,Proposed,2,20,0.6261949233003659
LCE,Proposed,2,30,0.7169156232012366
LCE,Proposed,2,40,0.7669332022868857
LCE,Proposed,2,50,0.7995715949286882
LCE,Proposed,2,60,0.8272777498172764
LCE,Proposed,2,70,0.8498127722807294
LCE,Proposed,2,80,0.8592515123333553
LCE,Proposed,2,90,0.8592515123333553
LCE,Proposed,2,100,0.8635377496055283
LCE,Proposed,2,110,0.8635377496055283
LCE,Proposed,2,120,0.8694610480893443
LCE,Proposed,3,20,0.6293189080238701
LCE,Proposed,3,30,0.712124935177968
LCE,Proposed,3,40,0.7746831780394221
LCE,Proposed,3,50,0.801814870825144
LCE,Proposed,3,60,0.831410208367509
LCE,Proposed,3,70,0.8414217627756672
LCE,Proposed,3,80,0.8511949992823328
LCE,Proposed,3,90,0.8523490146610043
LCE,Proposed,3,100,0.8573401108308988
LCE,Proposed,3,110,0.8647658873936507
LCE,Proposed,3,120,0.8650036693624581
LCE,Proposed,4,20,0.6291465322984567
LCE,Proposed,4,30,0.7149319077004191
LCE,Proposed,4,40,0.7700349348626473
LCE,Proposed,4,50,0.8168279822449744
LCE,Proposed,4,60,0.8422526461845251
LCE,Proposed,4,70,0.854382782470304
LCE,Proposed,4,80,0.8593428021166829
LCE,Proposed,4,90,0.8762725962183502
LCE,Proposed,4,100,0.8762725962183502
LCE,Proposed,4,110,0.8862391825958845
LCE,Proposed,4,120,0.8862391825958845
LCE,Proposed,5,20,0.6332023956471508
LCE,Proposed,5,30,0.726499270244508
LCE,Proposed,5,40,0.7795072986849768
LCE,Proposed,5,50,0.8153968892973381
LCE,Proposed,5,60,0.8310024923985113
LCE,Proposed,5,70,0.8555674204938468
LCE,Proposed,5,80,0.8623366025159772
LCE,Proposed,5,90,0.8712973970486649
LCE,Proposed,5,100,0.8712973970486649
LCE,Proposed,5,110,0.8785330829935395
LCE,Proposed,5,120,0.8785330829935395
LCE,Proposed,6,20,0.6264646120806485
LCE,Proposed,6,30,0.7158159628583918
LCE,Proposed,6,40,0.7689233651119918
LCE,Proposed,6,50,0.8102590695013977
LCE,Proposed,6,60,0.8432181835337903
LCE,Proposed,6,70,0.854832009672808
LCE,Proposed,6,80,0.8559251839928113
LCE,Proposed,6,90,0.861355412640141
LCE,Proposed,6,100,0.8707018617124522
LCE,Proposed,6,110,0.8736954914238051
LCE,Proposed,6,120,0.8736954914238051
LCE,Proposed,7,20,0.6327282791600759
LCE,Proposed,7,30,0.7204802233570251
LCE,Proposed,7,40,0.7799906661252547
LCE,Proposed,7,50,0.8260731381152676
LCE,Proposed,7,60,0.8380977788209258
LCE,Proposed,7,70,0.8518192311627241
LCE,Proposed,7,80,0.8555265890681575
LCE,Proposed,7,90,0.861062860881463
LCE,Proposed,7,100,0.8652363744067849
LCE,Proposed,7,110,0.8675220680451672
LCE,Proposed,7,120,0.8708691231679178
LCE,Proposed,8,20,0.60470551395738
LCE,Proposed,8,30,0.6962953034072078
LCE,Proposed,8,40,0.7494469518038814
LCE,Proposed,8,50,0.7947026918631369
LCE,Proposed,8,60,0.8134431833077532
LCE,Proposed,8,70,0.82212011212298
LCE,Proposed,8,80,0.8296332185936832
LCE,Proposed,8,90,0.8345253943538811
LCE,Proposed,8,100,0.8384349362332422
LCE,Proposed,8,110,0.8498985216703764
LCE,Proposed,8,120,0.8498985216703764
LCE,Proposed,9,20,0.6148343888293861
LCE,Proposed,9,30,0.7159522409040129
LCE,Proposed,9,40,0.7797210364539282
LCE,Proposed,9,50,0.8075305401854505
LCE,Proposed,9,60,0.8333243846297141
LCE,Proposed,9,70,0.8482759253120813
LCE,Proposed,9,80,0.8576888930573852
LCE,Proposed,9,90,0.8593472720104914
LCE,Proposed,9,100,0.8668713243652144
LCE,Proposed,9,110,0.867801570638107
LCE,Proposed,9,120,0.867801570638107
LCE,Proposed,10,20,0.6330001776922793
LCE,Proposed,10,30,0.7291840484843127
LCE,Proposed,10,40,0.7950016417894139
LCE,Proposed,10,50,0.829292647045555
LCE,Proposed,10,60,0.8623504840198166
LCE,Proposed,10,70,0.8650905155740158
LCE,Proposed,10,80,0.8881929747478683
LCE,Proposed,10,90,0.8881929747478683
LCE,Proposed,10,100,0.8904571438614964
LCE,Proposed,10,110,0.8904571438614964
LCE,Proposed,10,120,0.8933992087394816
LCE,Proposed,11,20,0.6195521778105924
LCE,Proposed,11,30,0.7107422087861344
LCE,Proposed,11,40,0.751809973776254
LCE,Proposed,11,50,0.798071356171264
LCE,Proposed,11,60,0.826313481177575
LCE,Proposed,11,70,0.8479994420613349
LCE,Proposed,11,80,0.8521928835890903
LCE,Proposed,11,90,0.8684630863116751
LCE,Proposed,11,100,0.8684630863116751
LCE,Proposed,11,110,0.8684630863116751
LCE,Proposed,11,120,0.8762883522984063
LCE,Proposed,12,20,0.6202993074202856
LCE,Proposed,12,30,0.7105117640170651
LCE,Proposed,12,40,0.7831546809623696
LCE,Proposed,12,50,0.8056829427971267
LCE,Proposed,12,60,0.8294796663560629
LCE,Proposed,12,70,0.8476684915362741
LCE,Proposed,12,80,0.8556076658020599
LCE,Proposed,12,90,0.8593772288750985
LCE,Proposed,12,100,0.8713251661272263
LCE,Proposed,12,110,0.873294589820609
LCE,Proposed,12,120,0.873294589820609
LCE,Proposed,13,20,0.6269624387673853
LCE,Proposed,13,30,0.7064712165974754
LCE,Proposed,13,40,0.7736645597183176
LCE,Proposed,13,50,0.7997678395654991
LCE,Proposed,13,60,0.8273265320541667
LCE,Proposed,13,70,0.833217682767334
LCE,Proposed,13,80,0.8525236284803112
LCE,Proposed,13,90,0.8567938993049844
LCE,Proposed,13,100,0.8608679891338543
LCE,Proposed,13,110,0.863022373904664
LCE,Proposed,13,120,0.8675174671281393
LCE,Proposed,14,20,0.6152302545285322
LCE,Proposed,14,30,0.7060545265514587
LCE,Proposed,14,40,0.7645602190316756
LCE,Proposed,14,50,0.8044534139217917
LCE,Proposed,14,60,0.8342103886465945
LCE,Proposed,14,70,0.8364623400856683
LCE,Proposed,14,80,0.84456360047351
LCE,Proposed,14,90,0.8559061831942731
LCE,Proposed,14,100,0.8564236778686646
LCE,Proposed,14,110,0.8614788375337089
LCE,Proposed,14,120,0.8682968619514531
LCE,Proposed,15,20,0.6181566089970505
LCE,Proposed,15,30,0.696242556296001
LCE,Proposed,15,40,0.7665747193194592
LCE,Proposed,15,50,0.8067455632103969
LCE,Proposed,15,60,0.8253701459512901
LCE,Proposed,15,70,0.8433002989943066
LCE,Proposed,15,80,0.8486456321922357
LCE,Proposed,15,90,0.8612998752553342
LCE,Proposed,15,100,0.8620037644605069
LCE,Proposed,15,110,0.8620037644605069
LCE,Proposed,15,120,0.871053708853135
SMP,ParEGO,1,20,0.5540070446623861
SMP,ParEGO,1,30,0.6018077950592473
SMP,ParEGO,1,40,0.6305618268482338
SMP,ParEGO,1,50,0.6623235761642751
SMP,ParEGO,1,60,0.6716334184103243
SMP,ParEGO,1,70,0.6877611328500137
SMP,ParEGO,1,80,0.7024486356212234
SMP,ParEGO,1,90,0.7134085184978751
SMP,ParEGO,1,100,0.7245502586079425
SMP,ParEGO,1,110,0.7245502586079425
SMP,ParEGO,1,120,0.7364353957128654
SMP,ParEGO,2,20,0.5495091038815739
SMP,ParEGO,2,30,0.5949962235398294
SMP,ParEGO,2,40,0.633444868326414
SMP,ParEGO,2,50,0.6538493865560897
SMP,ParEGO,2,60,0.6790549019210405
SMP,ParEGO,2,70,0.702248677792801
SMP,ParEGO,2,80,0.7096566764640737
SMP,ParEGO,2,90,0.726358130396575
SMP,ParEGO,2,100,0.7337840861239187
SMP,ParEGO,2,110,0.7337840861239187
SMP,ParEGO,2,120,0.743542600571534
SMP,ParEGO,3,20,0.5636173729731423
SMP,ParEGO,3,30,0.5896361159541724
SMP,ParEGO,3,40,0.6357119891954195
SMP,ParEGO,3,50,0.6592537460378697
SMP,ParEGO,3,60,0.6666814840183742
SMP,ParEGO,3,70,0.6843247154016996
SMP,ParEGO,3,80,0.7040028541227574
SMP,ParEGO,3,90,0.7089317131334465
SMP,ParEGO,3,100,0.7196631770860412
SMP,ParEGO,3,110,0.7290743396874151
SMP,ParEGO,3,120,0.7290743396874151
SMP,ParEGO,4,20,0.5572835971325452
SMP,ParEGO,4,30,0.5915412820894295
SMP,ParEGO,4,40,0.6220723457576343
SMP,ParEGO,4,50,0.6494895014435387
SMP,ParEGO,4,60,0.6719366224883825
SMP,ParEGO,4,70,0.6779856890609409
SMP,ParEGO,4,80,0.6961409412307821
SMP,ParEGO,4,90,0.6961409412307821
SMP,ParEGO,4,100,0.7125236638557803
SMP,ParEGO,4,110,0.7148481291553787
SMP,ParEGO,4,120,0.7245421074535381
SMP,ParEGO,5,20,0.5652715605529594
SMP,ParEGO,5,30,0.6054192938831119
SMP,ParEGO,5,40,0.6304435919098483
SMP,ParEGO,5,50,0.6551250925045855
SMP,ParEGO,5,60,0.6827354176292042
SMP,ParEGO,5,70,0.6944034583916221
SMP,ParEGO,5,80,0.7064427297055909
SMP,ParEGO,5,90,0.7134148874217746
SMP,ParEGO,5,100,0.7281267129316387
SMP,ParEGO,5,110,0.7281267129316387
SMP,ParEGO,5,120,0.7328644427470216
SMP,ParEGO,6,20,0.5713011393933324
SMP,ParEGO,6,30,0.6190865068395965
SMP,ParEGO,6,40,0.6548865001437751
SMP,ParEGO,6,50,0.6719849148137641
SMP,ParEGO,6,60,0.6970489568729975
SMP,ParEGO,6,70,0.7118603198902897
SMP,ParEGO,6,80,0.7291630657965403
SMP,ParEGO,6,90,0.7291630657965403
SMP,ParEGO,6,100,0.7329393091169836
SMP,ParEGO,6,110,0.7545967776200875
SMP,ParEGO,6,120,0.7545967776200875
SMP,ParEGO,7,20,0.5585159306953777
SMP,ParEGO,7,30,0.6101312361419845
SMP,ParEGO,7,40,0.6225158562056403
SMP,ParEGO,7,50,0.6481650605322823
SMP,ParEGO,7,60,0.6659241537173977
SMP,ParEGO,7,70,0.6830846014705895
SMP,ParEGO,7,80,0.6909288043547833
SMP,ParEGO,7,90,0.7112307688513506
SMP,ParEGO,7,100,0.7132753073529563
SMP,ParEGO,7,110,0.7132753073529563
SMP,ParEGO,7,120,0.7250172440822464
SMP,ParEGO,8,20,0.5579267588681909
SMP,ParEGO,8,30,0.5936023555572834
SMP,ParEGO,8,40,0.612186574150613
SMP,ParEGO,8,50,0.6469326452178357
SMP,ParEGO,8,60,0.6759541690310086
SMP,ParEGO,8,70,0.687366784912747
SMP,ParEGO,8,80,0.6935768708513524
SMP,ParEGO,8,90,0.7058593145731684
SMP,ParEGO,8,100,0.724194170909868
SMP,ParEGO,8,110,0.724194170909868
SMP,ParEGO,8,120,0.7249626194751004
SMP,ParEGO,9,20,0.5652190017947666
SMP,ParEGO,9,30,0.6040462220713249
SMP,ParEGO,9,40,0.6390014393200275
SMP,ParEGO,9,50,0.6578269767150232
SMP,ParEGO,9,60,0.6852558791860416
SMP,ParEGO,9,70,0.6976421454771421
SMP,ParEGO,9,80,0.7100149120163817
SMP,ParEGO,9,90,0.7204578791218783
SMP,ParEGO,9,100,0.7318023966990781
SMP,ParEGO,9,110,0.7318023966990781
SMP,ParEGO,9,120,0.7318023966990781
SMP,ParEGO,10,20,0.5559319972108778
SMP,ParEGO,10,30,0.5856826948183201
SMP,ParEGO,10,40,0.6285791984295459
SMP,ParEGO,10,50,0.6522856352456328
SMP,ParEGO,10,60,0.6738937016926264
SMP,ParEGO,10,70,0.6936778096667654
SMP,ParEGO,10,80,0.700245388380035
SMP,ParEGO,10,90,0.7150937933335816
SMP,ParEGO,10,100,0.7150937933335816
SMP,ParEGO,10,110,0.7316089645810906
SMP,ParEGO,10,120,0.7316089645810906
SMP,ParEGO,11,20,0.5665548128766591
SMP,ParEGO,11,30,0.6082598317784912
SMP,ParEGO,11,40,0.6317516096316512
SMP,ParEGO,11,50,0.6584549440793873
SMP,ParEGO,11,60,0.6746355332633373
SMP,ParEGO,11,70,0.6861183829520104
SMP,ParEGO,11,80,0.6998901503511601
SMP,ParEGO,11,90,0.7062813299485393
SMP,ParEGO,11,100,0.7121957556430548
SMP,ParEGO,11,110,0.7197409489883436
SMP,ParEGO,11,120,0.726145022734492
SMP,ParEGO,12,20,0.5567910562415233
SMP,ParEGO,12,30,0.5920987325235294
SMP,ParEGO,12,40,0.6271277325122334
SMP,ParEGO,12,50,0.6440162372816769
SMP,ParEGO,12,60,0.6678869451339653
SMP,ParEGO,12,70,0.689073103627127
SMP,ParEGO,12,80,0.6909794121314718
SMP,ParEGO,12,90,0.7131529844413025
SMP,ParEGO,12,100,0.7137158006235452
SMP,ParEGO,12,110,0.7259147776567242
SMP,ParEGO,12,120,0.7259147776567242
SMP,ParEGO,13,20,0.5599710069259624
SMP,ParEGO,13,30,0.6064586676258695
SMP,ParEGO,13,40,0.6355797215367436
SMP,ParEGO,13,50,0.6602676449332546
SMP,ParEGO,13,60,0.6867894239157379
SMP,ParEGO,13,70,0.6993177901576216
SMP,ParEGO,13,80,0.7083679838461113
SMP,ParEGO,13,90,0.7213213222376884
SMP,ParEGO,13,100,0.7213213222376884
SMP,ParEGO,13,110,0.7321083343626454
SMP,ParEGO,13,120,0.747732173489563
SMP,ParEGO,14,20,0.5672851497332065
SMP,ParEGO,14,30,0.6121095433185169
SMP,ParEGO,14,40,0.647479196873956
SMP,ParEGO,14,50,0.669780358820858
SMP,ParEGO,14,60,0.6884170332858632
SMP,ParEGO,14,70,0.6993199642804763
SMP,ParEGO,14,80,0.7096294848397752
SMP,ParEGO,14,90,0.7247572454946185
SMP,ParEGO,14,100,0.7339730988251574
SMP,ParEGO,14,110,0.7339730988251574
SMP,ParEGO,14,120,0.7425575606794045
SMP,ParEGO,15,20,0.5621180377853913
SMP,ParEGO,15,30,0.6160661202892367
SMP,ParEGO,15,40,0.6447163100810108
SMP,ParEGO,15,50,0.6693794253765436
SMP,ParEGO,15,60,0.7017641470444265
SMP,ParEGO,15,70,0.7174018945223124
SMP,ParEGO,15,80,0.7232881670331762
SMP,ParEGO,15,90,0.7303353174972161
SMP,ParEGO,15,100,0.7391196138552805
SMP,ParEGO,15,110,0.7440409845463299
SMP,ParEGO,15,120,0.755770810658673
SMP,GP-BO,1,20,0.5691499413464048
SMP,GP-BO,1,30,0.6231836464845573
SMP,GP-BO,1,40,0.6702769584514087
SMP,GP-BO,1,50,0.6847326227457091
SMP,GP-BO,1,60,0.7015687890508445
SMP,GP-BO,1,70,0.7237856104411814
SMP,GP-BO,1,80,0.7243487206215813
SMP,GP-BO,1,90,0.748213044117892
SMP,GP-BO,1,100,0.748213044117892
SMP,GP-BO,1,110,0.748213044117892
SMP,GP-BO,1,120,0.7485170676946031
SMP,GP-BO,2,20,0.5727821976207442
SMP,GP-BO,2,30,0.6289246274185586
SMP,GP-BO,2,40,0.6496797770327061
SMP,GP-BO,2,50,0.6926558993090778
SMP,GP-BO,2,60,0.7083618847088266
SMP,GP-BO,2,70,0.725623878090149
SMP,GP-BO,2,80,0.7361976633947579
SMP,GP-BO,2,90,0.7401274560333148
SMP,GP-BO,2,100,0.7461030784728668
SMP,GP-BO,2,110,0.7565623053442104
SMP,GP-BO,2,120,0.7598964354086456
SMP,GP-BO,3,20,0.5751146351013309
SMP,GP-BO,3,30,0.628452981113235
SMP,GP-BO,3,40,0.6609842068359809
SMP,GP-BO,3,50,0.6854895712547127
SMP,GP-BO,3,60,0.7098857788295972
SMP,GP-BO,3,70,0.7186874465465489
SMP,GP-BO,3,80,0.7265501808723072
SMP,GP-BO,3,90,0.7492974217119882
SMP,GP-BO,3,100,0.750185421220035
SMP,GP-BO,3,110,0.7682036289385262
SMP,GP-BO,3,120,0.7682036289385262
SMP,GP-BO,4,20,0.5709577773791008
SMP,GP-BO,4,30,0.6235675403219472
SMP,GP-BO,4,40,0.654217203622301
SMP,GP-BO,4,50,0.6775820534437851
SMP,GP-BO,4,60,0.6981472044527973
SMP,GP-BO,4,70,0.7019964633087197
SMP,GP-BO,4,80,0.728102756869354
SMP,GP-BO,4,90,0.7315409503457707
SMP,GP-BO,4,100,0.7346592410500482
SMP,GP-BO,4,110,0.7383397370505816
SMP,GP-BO,4,120,0.7383397370505816
SMP,GP-BO,5,20,0.5617689244590203
SMP,GP-BO,5,30,0.6124051319696735
SMP,GP-BO,5,40,0.6428930702051964
SMP,GP-BO,5,50,0.6666914319601818
SMP,GP-BO,5,60,0.6816452023803211
SMP,GP-BO,5,70,0.7050721069669987
SMP,GP-BO,5,80,0.7157906296649814
SMP,GP-BO,5,90,0.7261257216019965
SMP,GP-BO,5,100,0.741702653832443
SMP,GP-BO,5,110,0.7480213492127004
SMP,GP-BO,5,120,0.7555849384646319
SMP,GP-BO,6,20,0.5734996468004899
SMP,GP-BO,6,30,0.6168820703916192
SMP,GP-BO,6,40,0.6394747274182123
SMP,GP-BO,6,50,0.6735074008927734
SMP,GP-BO,6,60,0.69129205225733
SMP,GP-BO,6,70,0.7119177976930035
SMP,GP-BO,6,80,0.7199212397576411
SMP,GP-BO,6,90,0.7272181612315025
SMP,GP-BO,6,100,0.7351929912644537
SMP,GP-BO,6,110,0.7464403909231238
SMP,GP-BO,6,120,0.7464403909231238
SMP,GP-BO,7,20,0.5697741866290741
SMP,GP-BO,7,30,0.617866009589331
SMP,GP-BO,7,40,0.6576678519742365
SMP,GP-BO,7,50,0.6806406121898526
SMP,GP-BO,7,60,0.7055666270689603
SMP,GP-BO,7,70,0.7132555714857756
SMP,GP-BO,7,80,0.7311512500589933
SMP,GP-BO,7,90,0.7311512500589933
SMP,GP-BO,7,100,0.7373700432475555
SMP,GP-BO,7,110,0.7456244060082753
SMP,GP-BO,7,120,0.7502244945097353
SMP,GP-BO,8,20,0.5594103019507726
SMP,GP-BO,8,30,0.6087558453977638
SMP,GP-BO,8,40,0.6440512916842813
SMP,GP-BO,8,50,0.6639267687968934
SMP,GP-BO,8,60,0.6882211558180171
SMP,GP-BO,8,70,0.7024509734714569
SMP,GP-BO,8,80,0.7100416453703735
SMP,GP-BO,8,90,0.7218561645060679
SMP,GP-BO,8,100,0.7366197579055839
SMP,GP-BO,8,110,0.7366197579055839
SMP,GP-BO,8,120,0.7366197579055839
SMP,GP-BO,9,20,0.5699714884387564
SMP,GP-BO,9,30,0.6234472095712627
SMP,GP-BO,9,40,0.6612110739097905
SMP,GP-BO,9,50,0.6857400363743759
SMP,GP-BO,9,60,0.704390896009327
SMP,GP-BO,9,70,0.718287965245937
SMP,GP-BO,9,80,0.7311836853360129
SMP,GP-BO,9,90,0.739573887501976
SMP,GP-BO,9,100,0.7509167656441379
SMP,GP-BO,9,110,0.7572963388741514
SMP,GP-BO,9,120,0.7610886432294715
SMP,GP-BO,10,20,0.5723182027723238
SMP,GP-BO,10,30,0.6135506493334144
SMP,GP-BO,10,40,0.6572968084429204
SMP,GP-BO,10,50,0.6884374205087638
SMP,GP-BO,10,60,0.7009629560321616
SMP,GP-BO,10,70,0.7089670722472863
SMP,GP-BO,10,80,0.7179684263504227
SMP,GP-BO,10,90,0.7277387395212154
SMP,GP-BO,10,100,0.7448535680705938
SMP,GP-BO,10,110,0.7448535680705938
SMP,GP-BO,10,120,0.745112672970439
SMP,GP-BO,11,20,0.5714486644389144
SMP,GP-BO,11,30,0.6198502851365634
SMP,GP-BO,11,40,0.6557131507808577
SMP,GP-BO,11,50,0.6801298896997443
SMP,GP-BO,11,60,0.6939096680927301
SMP,GP-BO,11,70,0.7176565420967279
SMP,GP-BO,11,80,0.7316456596856893
SMP,GP-BO,11,90,0.7371849466958131
SMP,GP-BO,11,100,0.7488484119597686
SMP,GP-BO,11,110,0.7489602591286512
SMP,GP-BO,11,120,0.7489602591286512
SMP,GP-BO,12,20,0.5689711679379056
SMP,GP-BO,12,30,0.6232275313320447
SMP,GP-BO,12,40,0.6618759777998459
SMP,GP-BO,12,50,0.6841732892754009
SMP,GP-BO,12,60,0.713341941393602
SMP,GP-BO,12,70,0.7280573534714038
SMP,GP-BO,12,80,0.7360548852906833
SMP,GP-BO,12,90,0.7399828142761767
SMP,GP-BO,12,100,0.7437167255058184
SMP,GP-BO,12,110,0.7549361236341836
SMP,GP-BO,12,120,0.7586993040583452
SMP,GP-BO,13,20,0.5705882126773046
SMP,GP-BO,13,30,0.601636511418411
SMP,GP-BO,13,40,0.6374424498624341
SMP,GP-BO,13,50,0.6644225496386013
SMP,GP-BO,13,60,0.6750218003213093
SMP,GP-BO,13,70,0.698795992105186
SMP,GP-BO,13,80,0.7147493369046554
SMP,GP-BO,13,90,0.731580699773601
SMP,GP-BO,13,100,0.731580699773601
SMP,GP-BO,13,110,0.7474951676985955
SMP,GP-BO,13,120,0.7476296981429158
SMP,GP-BO,14,20,0.5652949124321562
SMP,GP-BO,14,30,0.6059491397139788
SMP,GP-BO,14,40,0.6481224488482296
SMP,GP-BO,14,50,0.6676744383750156
SMP,GP-BO,14,60,0.6954342893370077
SMP,GP-BO,14,70,0.7023455952841046
SMP,GP-BO,14,80,0.7199853217687252
SMP,GP-BO,14,90,0.7296909265539279
SMP,GP-BO,14,100,0.7398308881922251
SMP,GP-BO,14,110,0.7398308881922251
SMP,GP-BO,14,120,0.7484674229185406
SMP,GP-BO,15,20,0.5660094796734234
SMP,GP-BO,15,30,0.6202711021971864
SMP,GP-BO,15,40,0.6488937667759379
SMP,GP-BO,15,50,0.6689906697917987
SMP,GP-BO,15,60,0.6936084495689289
SMP,GP-BO,15,70,0.7095556934916889
SMP,GP-BO,15,80,0.717562779560474
SMP,GP-BO,15,90,0.730877409964745
SMP,GP-BO,15,100,0.7427568116855127
SMP,GP-BO,15,110,0.7427568116855127
SMP,GP-BO,15,120,0.7427568116855127
SMP,Physics-free,1,20,0.5865809312565482
SMP,Physics-free,1,30,0.6434020896087544
SMP,Physics-free,1,40,0.677815095512456
SMP,Physics-free,1,50,0.7115708162445429
SMP,Physics-free,1,60,0.7312165486622998
SMP,Physics-free,1,70,0.7469455685413277
SMP,Physics-free,1,80,0.7599493927189821
SMP,Physics-free,1,90,0.7807748411950951
SMP,Physics-free,1,100,0.7807748411950951
SMP,Physics-free,1,110,0.782101859220452
SMP,Physics-free,1,120,0.7843531383500858
SMP,Physics-free,2,20,0.5759305332534193
SMP,Physics-free,2,30,0.6324330380448587
SMP,Physics-free,2,40,0.6680056714806014
SMP,Physics-free,2,50,0.6961217447448139
SMP,Physics-free,2,60,0.7223109595796615
SMP,Physics-free,2,70,0.7486510298117202
SMP,Physics-free,2,80,0.7588073385290676
SMP,Physics-free,2,90,0.7667027742464664
SMP,Physics-free,2,100,0.7720722935889702
SMP,Physics-free,2,110,0.7720722935889702
SMP,Physics-free,2,120,0.7915470975564987
SMP,Physics-free,3,20,0.5891987573634325
SMP,Physics-free,3,30,0.6543412386672897
SMP,Physics-free,3,40,0.6804859360270676
SMP,Physics-free,3,50,0.7152623816003334
SMP,Physics-free,3,60,0.7341536789961457
SMP,Physics-free,3,70,0.7578325308724364
SMP,Physics-free,3,80,0.7712593579280068
SMP,Physics-free,3,90,0.7756529097471955
SMP,Physics-free,3,100,0.7862407561809864
SMP,Physics-free,3,110,0.7936858048606473
SMP,Physics-free,3,120,0.7936858048606473
SMP,Physics-free,4,20,0.584537896636894
SMP,Physics-free,4,30,0.6332441484878664
SMP,Physics-free,4,40,0.6794434929612393
SMP,Physics-free,4,50,0.7124758046583226
SMP,Physics-free,4,60,0.733088323048867
SMP,Physics-free,4,70,0.7465147694097402
SMP,Physics-free,4,80,0.769441577189679
SMP,Physics-free,4,90,0.7766198716088117
SMP,Physics-free,4,100,0.7766198716088117
SMP,Physics-free,4,110,0.7829547910014432
SMP,Physics-free,4,120,0.7829547910014432
SMP,Physics-free,5,20,0.581342333534776
SMP,Physics-free,5,30,0.636036523946573
SMP,Physics-free,5,40,0.6843382247736977
SMP,Physics-free,5,50,0.7194257411779075
SMP,Physics-free,5,60,0.7367400003752189
SMP,Physics-free,5,70,0.7491724487222502
SMP,Physics-free,5,80,0.7590590152457293
SMP,Physics-free,5,90,0.7745828192324541
SMP,Physics-free,5,100,0.7871669960812346
SMP,Physics-free,5,110,0.7871669960812346
SMP,Physics-free,5,120,0.7907897135220595
SMP,Physics-free,6,20,0.5773948078655619
SMP,Physics-free,6,30,0.6418221739973899
SMP,Physics-free,6,40,0.6814387712000616
SMP,Physics-free,6,50,0.7123130929523359
SMP,Physics-free,6,60,0.732900150540072
SMP,Physics-free,6,70,0.758631098816768
SMP,Physics-free,6,80,0.7667792258635517
SMP,Physics-free,6,90,0.7671922395132865
SMP,Physics-free,6,100,0.7728701273878396
SMP,Physics-free,6,110,0.7822917560380688
SMP,Physics-free,6,120,0.7916048671595769
SMP,Physics-free,7,20,0.5892857169502319
SMP,Physics-free,7,30,0.660213487128271
SMP,Physics-free,7,40,0.6876995575849456
SMP,Physics-free,7,50,0.7306106884676855
SMP,Physics-free,7,60,0.7465014723823261
SMP,Physics-free,7,70,0.7585875600885976
SMP,Physics-free,7,80,0.768778303587375
SMP,Physics-free,7,90,0.7796102809305815
SMP,Physics-free,7,100,0.7964135255336182
SMP,Physics-free,7,110,0.7964135255336182
SMP,Physics-free,7,120,0.7964135255336182
SMP,Physics-free,8,20,0.583095341277307
SMP,Physics-free,8,30,0.6236736908918448
SMP,Physics-free,8,40,0.6770746716125996
SMP,Physics-free,8,50,0.7034936539274748
SMP,Physics-free,8,60,0.7324617620979027
SMP,Physics-free,8,70,0.7509092064477014
SMP,Physics-free,8,80,0.7631580797370182
SMP,Physics-free,8,90,0.7744552119956234
SMP,Physics-free,8,100,0.7830309017680076
SMP,Physics-free,8,110,0.7830309017680076
SMP,Physics-free,8,120,0.7924360255308845
SMP,Physics-free,9,20,0.5824777529918039
SMP,Physics-free,9,30,0.6373812884714771
SMP,Physics-free,9,40,0.6828202657656354
SMP,Physics-free,9,50,0.7069544610294254
SMP,Physics-free,9,60,0.7350933256008259
SMP,Physics-free,9,70,0.7481984373519982
SMP,Physics-free,9,80,0.7612198539635753
SMP,Physics-free,9,90,0.7757923361461778
SMP,Physics-free,9,100,0.7780344576071879
SMP,Physics-free,9,110,0.7798938971492385
SMP,Physics-free,9,120,0.7889718118617627
SMP,Physics-free,10,20,0.5699965440210866
SMP,Physics-free,10,30,0.6243726592002271
SMP,Physics-free,10,40,0.6780060847707071
SMP,Physics-free,10,50,0.7006743082442528
SMP,Physics-free,10,60,0.728705901209102
SMP,Physics-free,10,70,0.7434463581761813
SMP,Physics-free,10,80,0.7595952015676949
SMP,Physics-free,10,90,0.7718940108266916
SMP,Physics-free,10,100,0.7773284191331101
SMP,Physics-free,10,110,0.7773284191331101
SMP,Physics-free,10,120,0.7855125467780327
SMP,Physics-free,11,20,0.5793239017537589
SMP,Physics-free,11,30,0.6268446762964869
SMP,Physics-free,11,40,0.663044156971232
SMP,Physics-free,11,50,0.6973210531190123
SMP,Physics-free,11,60,0.7149430969668765
SMP,Physics-free,11,70,0.7388369137914425
SMP,Physics-free,11,80,0.7453828017889866
SMP,Physics-free,11,90,0.7567705773287672
SMP,Physics-free,11,100,0.7597732145908419
SMP,Physics-free,11,110,0.7665117343115778
SMP,Physics-free,11,120,0.7740116445283147
SMP,Physics-free,12,20,0.5881610198321607
SMP,Physics-free,12,30,0.6344261666128476
SMP,Physics-free,12,40,0.6892134278474072
SMP,Physics-free,12,50,0.7234999428385146
SMP,Physics-free,12,60,0.7381289871310049
SMP,Physics-free,12,70,0.7596652808902711
SMP,Physics-free,12,80,0.771971210216531
SMP,Physics-free,12,90,0.771971210216531
SMP,Physics-free,12,100,0.778553442833419
SMP,Physics-free,12,110,0.7858353014196154
SMP,Physics-free,12,120,0.7880631300938904
SMP,Physics-free,13,20,0.5803000070547295
SMP,Physics-free,13,30,0.6343258434459396
SMP,Physics-free,13,40,0.6759786461553853
SMP,Physics-free,13,50,0.7117204205404898
SMP,Physics-free,13,60,0.7274580658018132
SMP,Physics-free,13,70,0.7506711283293475
SMP,Physics-free,13,80,0.7614224670308547
SMP,Physics-free,13,90,0.7722423894657133
SMP,Physics-free,13,100,0.7835670012214089
SMP,Physics-free,13,110,0.7839668272482556
SMP,Physics-free,13,120,0.7849777648866203
SMP,Physics-free,14,20,0.5736720107464468
SMP,Physics-free,14,30,0.6333581591537263
SMP,Physics-free,14,40,0.6663362532825202
SMP,Physics-free,14,50,0.7010159041645263
SMP,Physics-free,14,60,0.7259447473989026
SMP,Physics-free,14,70,0.7349173427263719
SMP,Physics-free,14,80,0.7473270907199568
SMP,Physics-free,14,90,0.7646752742305888
SMP,Physics-free,14,100,0.7738392439601046
SMP,Physics-free,14,110,0.7767670060343563
SMP,Physics-free,14,120,0.7767670060343563
SMP,Physics-free,15,20,0.5721841705930881
SMP,Physics-free,15,30,0.6235868896223649
SMP,Physics-free,15,40,0.6637256224599138
SMP,Physics-free,15,50,0.6946431502369392
SMP,Physics-free,15,60,0.7105273875286382
SMP,Physics-free,15,70,0.7319333410323826
SMP,Physics-free,15,80,0.7404345549394202
SMP,Physics-free,15,90,0.7540663521571787
SMP,Physics-free,15,100,0.7606291478562034
SMP,Physics-free,15,110,0.7606291478562034
SMP,Physics-free,15,120,0.7630672704497403
SMP,MF-SAEA,1,20,0.6026607080219718
SMP,MF-SAEA,1,30,0.6644501132018623
SMP,MF-SAEA,1,40,0.7062363303875214
SMP,MF-SAEA,1,50,0.7435862087995591
SMP,MF-SAEA,1,60,0.7683897701335104
SMP,MF-SAEA,1,70,0.7809468353562523
SMP,MF-SAEA,1,80,0.7939151294469841
SMP,MF-SAEA,1,90,0.8071078265383231
SMP,MF-SAEA,1,100,0.8099115670626348
SMP,MF-SAEA,1,110,0.8106394612020154
SMP,MF-SAEA,1,120,0.8145986351850666
SMP,MF-SAEA,2,20,0.5920473456844823
SMP,MF-SAEA,2,30,0.6679890267056715
SMP,MF-SAEA,2,40,0.7175348780074552
SMP,MF-SAEA,2,50,0.7443860877806349
SMP,MF-SAEA,2,60,0.7712322204631807
SMP,MF-SAEA,2,70,0.7771451374203804
SMP,MF-SAEA,2,80,0.7889259676407091
SMP,MF-SAEA,2,90,0.8052370019686326
SMP,MF-SAEA,2,100,0.8073099279160341
SMP,MF-SAEA,2,110,0.8076473715921799
SMP,MF-SAEA,2,120,0.8121411598997668
SMP,MF-SAEA,3,20,0.5954185668697701
SMP,MF-SAEA,3,30,0.662150668184488
SMP,MF-SAEA,3,40,0.7083832461760318
SMP,MF-SAEA,3,50,0.7427519313496784
SMP,MF-SAEA,3,60,0.7690786749214571
SMP,MF-SAEA,3,70,0.7829495693945496
SMP,MF-SAEA,3,80,0.8034758067605398
SMP,MF-SAEA,3,90,0.8034758067605398
SMP,MF-SAEA,3,100,0.8138131799578658
SMP,MF-SAEA,3,110,0.8155755806501019
SMP,MF-SAEA,3,120,0.8228091437163492
SMP,MF-SAEA,4,20,0.5876262944450859
SMP,MF-SAEA,4,30,0.6583370004007735
SMP,MF-SAEA,4,40,0.7051587812358581
SMP,MF-SAEA,4,50,0.7356367491797845
SMP,MF-SAEA,4,60,0.7589146611127101
SMP,MF-SAEA,4,70,0.7804950752337736
SMP,MF-SAEA,4,80,0.7878487905617351
SMP,MF-SAEA,4,90,0.7963308717780114
SMP,MF-SAEA,4,100,0.8126866441943434
SMP,MF-SAEA,4,110,0.8126866441943434
SMP,MF-SAEA,4,120,0.8146255592102254
SMP,MF-SAEA,5,20,0.59027262326612
SMP,MF-SAEA,5,30,0.648851766049669
SMP,MF-SAEA,5,40,0.6973030269848761
SMP,MF-SAEA,5,50,0.7185281743488608
SMP,MF-SAEA,5,60,0.7330840812795545
SMP,MF-SAEA,5,70,0.763393070451523
SMP,MF-SAEA,5,80,0.7714349506153442
SMP,MF-SAEA,5,90,0.7724006154595682
SMP,MF-SAEA,5,100,0.7772118210038549
SMP,MF-SAEA,5,110,0.7910271702923177
SMP,MF-SAEA,5,120,0.7931034364721831
SMP,MF-SAEA,6,20,0.613404445996454
SMP,MF-SAEA,6,30,0.6762927097305913
SMP,MF-SAEA,6,40,0.7297689456248146
SMP,MF-SAEA,6,50,0.7580121252970242
SMP,MF-SAEA,6,60,0.7886965139550283
SMP,MF-SAEA,6,70,0.7970209773036344
SMP,MF-SAEA,6,80,0.8104670730381289
SMP,MF-SAEA,6,90,0.8169089611123466
SMP,MF-SAEA,6,100,0.8293850026638708
SMP,MF-SAEA,6,110,0.8314734732947866
SMP,MF-SAEA,6,120,0.8314734732947866
SMP,MF-SAEA,7,20,0.5924397222049516
SMP,MF-SAEA,7,30,0.6552236369388904
SMP,MF-SAEA,7,40,0.7089137056462204
SMP,MF-SAEA,7,50,0.750739890401042
SMP,MF-SAEA,7,60,0.7647833488618768
SMP,MF-SAEA,7,70,0.7886704513394888
SMP,MF-SAEA,7,80,0.7998086724665046
SMP,MF-SAEA,7,90,0.8150028557932304
SMP,MF-SAEA,7,100,0.8150028557932304
SMP,MF-SAEA,7,110,0.8177973607676856
SMP,MF-SAEA,7,120,0.8177973607676856
SMP,MF-SAEA,8,20,0.5973441430631932
SMP,MF-SAEA,8,30,0.6628264747345787
SMP,MF-SAEA,8,40,0.721038770700437
SMP,MF-SAEA,8,50,0.7545797608703073
SMP,MF-SAEA,8,60,0.7747984289376822
SMP,MF-SAEA,8,70,0.7911926112348221
SMP,MF-SAEA,8,80,0.7911926112348221
SMP,MF-SAEA,8,90,0.8004302645910907
SMP,MF-SAEA,8,100,0.8205407125235371
SMP,MF-SAEA,8,110,0.8205407125235371
SMP,MF-SAEA,8,120,0.8205407125235371
SMP,MF-SAEA,9,20,0.6074619744886949
SMP,MF-SAEA,9,30,0.6693851675617821
SMP,MF-SAEA,9,40,0.7234364676634982
SMP,MF-SAEA,9,50,0.752041420416471
SMP,MF-SAEA,9,60,0.7782539605008936
SMP,MF-SAEA,9,70,0.798698381300854
SMP,MF-SAEA,9,80,0.8162149862169563
SMP,MF-SAEA,9,90,0.8195008297904199
SMP,MF-SAEA,9,100,0.8252927151046623
SMP,MF-SAEA,9,110,0.8252927151046623
SMP,MF-SAEA,9,120,0.8291744884171571
SMP,MF-SAEA,10,20,0.5899840872905504
SMP,MF-SAEA,10,30,0.6567780536107305
SMP,MF-SAEA,10,40,0.7041428614158054
SMP,MF-SAEA,10,50,0.7350401831781673
SMP,MF-SAEA,10,60,0.7624561837855275
SMP,MF-SAEA,10,70,0.7786367452768009
SMP,MF-SAEA,10,80,0.7929093510800349
SMP,MF-SAEA,10,90,0.797082156476072
SMP,MF-SAEA,10,100,0.8010135450293697
SMP,MF-SAEA,10,110,0.8173270899930726
SMP,MF-SAEA,10,120,0.8218582006726909
SMP,MF-SAEA,11,20,0.5951732328312344
SMP,MF-SAEA,11,30,0.6629605605566564
SMP,MF-SAEA,11,40,0.7126070211640539
SMP,MF-SAEA,11,50,0.7483179882503814
SMP,MF-SAEA,11,60,0.770526170205224
SMP,MF-SAEA,11,70,0.7877357279840135
SMP,MF-SAEA,11,80,0.7954260529313658
SMP,MF-SAEA,11,90,0.8057194229272897
SMP,MF-SAEA,11,100,0.8128939139598693
SMP,MF-SAEA,11,110,0.8128939139598693
SMP,MF-SAEA,11,120,0.8168004513232942
SMP,MF-SAEA,12,20,0.6032834085423107
SMP,MF-SAEA,12,30,0.6759530636273243
SMP,MF-SAEA,12,40,0.7220710832306627
SMP,MF-SAEA,12,50,0.750252797976481
SMP,MF-SAEA,12,60,0.7822189896423949
SMP,MF-SAEA,12,70,0.7916249579075163
SMP,MF-SAEA,12,80,0.80261632389166
SMP,MF-SAEA,12,90,0.8111231831309926
SMP,MF-SAEA,12,100,0.8192850356042054
SMP,MF-SAEA,12,110,0.8279985263496805
SMP,MF-SAEA,12,120,0.8319847272512099
SMP,MF-SAEA,13,20,0.601627198334508
SMP,MF-SAEA,13,30,0.6637263187821156
SMP,MF-SAEA,13,40,0.7113512236218792
SMP,MF-SAEA,13,50,0.7325890607726533
SMP,MF-SAEA,13,60,0.7632735399380044
SMP,MF-SAEA,13,70,0.7877379655441041
SMP,MF-SAEA,13,80,0.7882967083330016
SMP,MF-SAEA,13,90,0.8030531674547763
SMP,MF-SAEA,13,100,0.8030531674547763
SMP,MF-SAEA,13,110,0.8080225784326377
SMP,MF-SAEA,13,120,0.8150237396434414
SMP,MF-SAEA,14,20,0.5922457601304333
SMP,MF-SAEA,14,30,0.6576464950085784
SMP,MF-SAEA,14,40,0.7048962495868513
SMP,MF-SAEA,14,50,0.7383150750511724
SMP,MF-SAEA,14,60,0.7597730316928987
SMP,MF-SAEA,14,70,0.7794034975554256
SMP,MF-SAEA,14,80,0.7853713503041889
SMP,MF-SAEA,14,90,0.790338367236932
SMP,MF-SAEA,14,100,0.8034960736247265
SMP,MF-SAEA,14,110,0.8066559940627057
SMP,MF-SAEA,14,120,0.8066559940627057
SMP,MF-SAEA,15,20,0.5968744959593392
SMP,MF-SAEA,15,30,0.6653066800509568
SMP,MF-SAEA,15,40,0.7081155084656809
SMP,MF-SAEA,15,50,0.7539627934621733
SMP,MF-SAEA,15,60,0.7666960273086361
SMP,MF-SAEA,15,70,0.7795211297301137
SMP,MF-SAEA,15,80,0.7964296407146463
SMP,MF-SAEA,15,90,0.8000653959026984
SMP,MF-SAEA,15,100,0.8084439420469093
SMP,MF-SAEA,15,110,0.8114758696004721
SMP,MF-SAEA,15,120,0.8183742379540345
SMP,Proposed,1,20,0.6344399732649584
SMP,Proposed,1,30,0.7217234741624623
SMP,Proposed,1,40,0.7797080345181694
SMP,Proposed,1,50,0.8164212340542015
SMP,Proposed,1,60,0.8434491552970403
SMP,Proposed,1,70,0.8570937794939675
SMP,Proposed,1,80,0.8688959499013037
SMP,Proposed,1,90,0.8806868972714403
SMP,Proposed,1,100,0.8854519489741898
SMP,Proposed,1,110,0.8854519489741898
SMP,Proposed,1,120,0.891232090672665
SMP,Proposed,2,20,0.6328414062790899
SMP,Proposed,2,30,0.7207797456069964
SMP,Proposed,2,40,0.7875600728360814
SMP,Proposed,2,50,0.8152105223052954
SMP,Proposed,2,60,0.8362908020772011
SMP,Proposed,2,70,0.8492459227404435
SMP,Proposed,2,80,0.858589335356368
SMP,Proposed,2,90,0.8646879526588065
SMP,Proposed,2,100,0.8680254689880388
SMP,Proposed,2,110,0.874612254296861
SMP,Proposed,2,120,0.8749711309338628
SMP,Proposed,3,20,0.6321898524563436
SMP,Proposed,3,30,0.7188470893891773
SMP,Proposed,3,40,0.7889660643874326
SMP,Proposed,3,50,0.8177605464181545
SMP,Proposed,3,60,0.8474131722456407
SMP,Proposed,3,70,0.8563086463291485
SMP,Proposed,3,80,0.8668610490862627
SMP,Proposed,3,90,0.880336805844208
SMP,Proposed,3,100,0.8828928309312579
SMP,Proposed,3,110,0.8828928309312579
SMP,Proposed,3,120,0.8828928309312579
SMP,Proposed,4,20,0.6369531026360216
SMP,Proposed,4,30,0.7422368726906707
SMP,Proposed,4,40,0.8007326787355671
SMP,Proposed,4,50,0.835658137750934
SMP,Proposed,4,60,0.8602091175571629
SMP,Proposed,4,70,0.8767285277246218
SMP,Proposed,4,80,0.894479062389184
SMP,Proposed,4,90,0.8978194594037999
SMP,Proposed,4,100,0.9009579048297232
SMP,Proposed,4,110,0.9009579048297232
SMP,Proposed,4,120,0.9053331084886029
SMP,Proposed,5,20,0.6289771463716195
SMP,Proposed,5,30,0.7114068389106822
SMP,Proposed,5,40,0.7708900686245421
SMP,Proposed,5,50,0.8136530783849191
SMP,Proposed,5,60,0.8397342476005211
SMP,Proposed,5,70,0.8556143460000941
SMP,Proposed,5,80,0.8649994444361497
SMP,Proposed,5,90,0.8723264051002472
SMP,Proposed,5,100,0.8767027141128764
SMP,Proposed,5,110,0.8767027141128764
SMP,Proposed,5,120,0.8814112663235695
SMP,Proposed,6,20,0.6407313113146093
SMP,Proposed,6,30,0.7491641871087891
SMP,Proposed,6,40,0.8037412898747888
SMP,Proposed,6,50,0.8394344194531462
SMP,Proposed,6,60,0.8573323616345857
SMP,Proposed,6,70,0.8703829685078716
SMP,Proposed,6,80,0.8845819581692601
SMP,Proposed,6,90,0.8879509603544481
SMP,Proposed,6,100,0.8973663840103033
SMP,Proposed,6,110,0.8973663840103033
SMP,Proposed,6,120,0.8973663840103033
SMP,Proposed,7,20,0.6402791345589959
SMP,Proposed,7,30,0.7274623748677224
SMP,Proposed,7,40,0.7879066397179968
SMP,Proposed,7,50,0.8283274542703221
SMP,Proposed,7,60,0.8509103612980614
SMP,Proposed,7,70,0.8681116585175449
SMP,Proposed,7,80,0.8723057108915928
SMP,Proposed,7,90,0.8894498236750543
SMP,Proposed,7,100,0.894190252221489
SMP,Proposed,7,110,0.894190252221489
SMP,Proposed,7,120,0.894335940384342
SMP,Proposed,8,20,0.6350509817666794
SMP,Proposed,8,30,0.7176564239909675
SMP,Proposed,8,40,0.7804372467405601
SMP,Proposed,8,50,0.8285676234783167
SMP,Proposed,8,60,0.8521232850952254
SMP,Proposed,8,70,0.8691735504635222
SMP,Proposed,8,80,0.8768365586960383
SMP,Proposed,8,90,0.8862896233454572
SMP,Proposed,8,100,0.8981833651381845
SMP,Proposed,8,110,0.8981833651381845
SMP,Proposed,8,120,0.8981833651381845
SMP,Proposed,9,20,0.6386953666548569
SMP,Proposed,9,30,0.7401001777560116
SMP,Proposed,9,40,0.7898979289704038
SMP,Proposed,9,50,0.8208659652730712
SMP,Proposed,9,60,0.8417521644682994
SMP,Proposed,9,70,0.8637175225323972
SMP,Proposed,9,80,0.8642801906854298
SMP,Proposed,9,90,0.8799686995272732
SMP,Proposed,9,100,0.8822815508983688
SMP,Proposed,9,110,0.8822815508983688
SMP,Proposed,9,120,0.8830892575883718
SMP,Proposed,10,20,0.6372978236178519
SMP,Proposed,10,30,0.7351218840338287
SMP,Proposed,10,40,0.8036807603178585
SMP,Proposed,10,50,0.8318140507707751
SMP,Proposed,10,60,0.8639919797651471
SMP,Proposed,10,70,0.8695131439554042
SMP,Proposed,10,80,0.8830121442775316
SMP,Proposed,10,90,0.8877691150770316
SMP,Proposed,10,100,0.8954795789666097
SMP,Proposed,10,110,0.8972942897465194
SMP,Proposed,10,120,0.8972942897465194
SMP,Proposed,11,20,0.6257599705095311
SMP,Proposed,11,30,0.7282011257186921
SMP,Proposed,11,40,0.7865664717133779
SMP,Proposed,11,50,0.8254501467502224
SMP,Proposed,11,60,0.8469358130044841
SMP,Proposed,11,70,0.8589774635609039
SMP,Proposed,11,80,0.8762292523413759
SMP,Proposed,11,90,0.8861106520172908
SMP,Proposed,11,100,0.8861106520172908
SMP,Proposed,11,110,0.8861106520172908
SMP,Proposed,11,120,0.8960649005402872
SMP,Proposed,12,20,0.6272771060830128
SMP,Proposed,12,30,0.7156454648448317
SMP,Proposed,12,40,0.7801306074780543
SMP,Proposed,12,50,0.8162431607631531
SMP,Proposed,12,60,0.8474216114433508
SMP,Proposed,12,70,0.8637552990656153
SMP,Proposed,12,80,0.8710054195706187
SMP,Proposed,12,90,0.8783643976500464
SMP,Proposed,12,100,0.889678343162338
SMP,Proposed,12,110,0.8952220696159884
SMP,Proposed,12,120,0.8996823759852497
SMP,Proposed,13,20,0.6397789638733878
SMP,Proposed,13,30,0.7250550102687681
SMP,Proposed,13,40,0.7929319919921747
SMP,Proposed,13,50,0.8388054721738831
SMP,Proposed,13,60,0.8533472377417672
SMP,Proposed,13,70,0.8686428742640948
SMP,Proposed,13,80,0.8750492803391772
SMP,Proposed,13,90,0.8914895767112808
SMP,Proposed,13,100,0.8922030389765443
SMP,Proposed,13,110,0.8922030389765443
SMP,Proposed,13,120,0.8927365614650444
SMP,Proposed,14,20,0.6385345499996777
SMP,Proposed,14,30,0.7410925330743701
SMP,Proposed,14,40,0.7918390225637069
SMP,Proposed,14,50,0.8297026814676711
SMP,Proposed,14,60,0.8574428301866756
SMP,Proposed,14,70,0.8710861171268813
SMP,Proposed,14,80,0.8710861171268813
SMP,Proposed,14,90,0.8855294405651577
SMP,Proposed,14,100,0.8917730355433412
SMP,Proposed,14,110,0.8917730355433412
SMP,Proposed,14,120,0.8917730355433412
SMP,Proposed,15,20,0.6277069319114782
SMP,Proposed,15,30,0.7204894777612941
SMP,Proposed,15,40,0.7841088742859421
SMP,Proposed,15,50,0.8136576291394098
SMP,Proposed,15,60,0.8357870855272075
SMP,Proposed,15,70,0.8535613645784004
SMP,Proposed,15,80,0.8727936834302151
SMP,Proposed,15,90,0.8727936834302151
SMP,Proposed,15,100,0.8727936834302151
SMP,Proposed,15,110,0.8727936834302151
SMP,Proposed,15,120,0.8813706044434282
Hydrogel,ParEGO,1,20,0.5386080111742501
Hydrogel,ParEGO,1,30,0.578246976507801
Hydrogel,ParEGO,1,40,0.6030973799701538
Hydrogel,ParEGO,1,50,0.6220623714647325
Hydrogel,ParEGO,1,60,0.6365194728803817
Hydrogel,ParEGO,1,70,0.6472417292579922
Hydrogel,ParEGO,1,80,0.6512664277468933
Hydrogel,ParEGO,1,90,0.6547125031842276
Hydrogel,ParEGO,1,100,0.6644883125485028
Hydrogel,ParEGO,1,110,0.6700788740193375
Hydrogel,ParEGO,1,120,0.6741826090648623
Hydrogel,ParEGO,2,20,0.545610738910444
Hydrogel,ParEGO,2,30,0.5889980761259772
Hydrogel,ParEGO,2,40,0.6103462726091213
Hydrogel,ParEGO,2,50,0.6326852932701689
Hydrogel,ParEGO,2,60,0.6497359899095799
Hydrogel,ParEGO,2,70,0.662911662772047
Hydrogel,ParEGO,2,80,0.672028123652609
Hydrogel,ParEGO,2,90,0.672028123652609
Hydrogel,ParEGO,2,100,0.6768009710946915
Hydrogel,ParEGO,2,110,0.6794524282228441
Hydrogel,ParEGO,2,120,0.6920108304814827
Hydrogel,ParEGO,3,20,0.5425832209323694
Hydrogel,ParEGO,3,30,0.5774397821011715
Hydrogel,ParEGO,3,40,0.6038551902705461
Hydrogel,ParEGO,3,50,0.6199898705452274
Hydrogel,ParEGO,3,60,0.6345830470190426
Hydrogel,ParEGO,3,70,0.6494033731597615
Hydrogel,ParEGO,3,80,0.6494033731597615
Hydrogel,ParEGO,3,90,0.669637682925144
Hydrogel,ParEGO,3,100,0.6764326763873292
Hydrogel,ParEGO,3,110,0.6764326763873292
Hydrogel,ParEGO,3,120,0.6764326763873292
Hydrogel,ParEGO,4,20,0.5382319879929496
Hydrogel,ParEGO,4,30,0.5663433106404687
Hydrogel,ParEGO,4,40,0.6055135419330518
Hydrogel,ParEGO,4,50,0.6098321341319217
Hydrogel,ParEGO,4,60,0.6387374365489198
Hydrogel,ParEGO,4,70,0.6387374365489198
Hydrogel,ParEGO,4,80,0.6519786263208719
Hydrogel,ParEGO,4,90,0.6587089029508765
Hydrogel,ParEGO,4,100,0.6617134593965854
Hydrogel,ParEGO,4,110,0.6728303894294256
Hydrogel,ParEGO,4,120,0.6728303894294256
Hydrogel,ParEGO,5,20,0.5427770394175118
Hydrogel,ParEGO,5,30,0.5724431081756868
Hydrogel,ParEGO,5,40,0.5932780867044098
Hydrogel,ParEGO,5,50,0.6201737616155754
Hydrogel,ParEGO,5,60,0.629663780912942
Hydrogel,ParEGO,5,70,0.6469178433857727
Hydrogel,ParEGO,5,80,0.659823327024407
Hydrogel,ParEGO,5,90,0.6671459853933298
Hydrogel,ParEGO,5,100,0.6671459853933298
Hydrogel,ParEGO,5,110,0.678279856103697
Hydrogel,ParEGO,5,120,0.678279856103697
Hydrogel,ParEGO,6,20,0.5403772060164456
Hydrogel,ParEGO,6,30,0.5722153037614769
Hydrogel,ParEGO,6,40,0.6056745707421346
Hydrogel,ParEGO,6,50,0.6289325417436773
Hydrogel,ParEGO,6,60,0.6382925114619327
Hydrogel,ParEGO,6,70,0.6566711443748944
Hydrogel,ParEGO,6,80,0.6610693565149686
Hydrogel,ParEGO,6,90,0.6657341794731524
Hydrogel,ParEGO,6,100,0.673234265981973
Hydrogel,ParEGO,6,110,0.6761702181123306
Hydrogel,ParEGO,6,120,0.6882132829092479
Hydrogel,ParEGO,7,20,0.5393833227634695
Hydrogel,ParEGO,7,30,0.5757620190017295
Hydrogel,ParEGO,7,40,0.5966456012998472
Hydrogel,ParEGO,7,50,0.6196160580190455
Hydrogel,ParEGO,7,60,0.6402260805471414
Hydrogel,ParEGO,7,70,0.6474032954461623
Hydrogel,ParEGO,7,80,0.6668280686957605
Hydrogel,ParEGO,7,90,0.6668280686957605
Hydrogel,ParEGO,7,100,0.6725209421440036
Hydrogel,ParEGO,7,110,0.6795044584272207
Hydrogel,ParEGO,7,120,0.6795044584272207
Hydrogel,ParEGO,8,20,0.5435805414164506
Hydrogel,ParEGO,8,30,0.5759090162117264
Hydrogel,ParEGO,8,40,0.6034221545929017
Hydrogel,ParEGO,8,50,0.6209526236241545
Hydrogel,ParEGO,8,60,0.6392569783475242
Hydrogel,ParEGO,8,70,0.6524144316251309
Hydrogel,ParEGO,8,80,0.6524144316251309
Hydrogel,ParEGO,8,90,0.669039350906209
Hydrogel,ParEGO,8,100,0.669039350906209
Hydrogel,ParEGO,8,110,0.6788825482187065
Hydrogel,ParEGO,8,120,0.6788825482187065
Hydrogel,ParEGO,9,20,0.5407241642888826
Hydrogel,ParEGO,9,30,0.5742951327035499
Hydrogel,ParEGO,9,40,0.5878834149585602
Hydrogel,ParEGO,9,50,0.6236143650013038
Hydrogel,ParEGO,9,60,0.6282035973795168
Hydrogel,ParEGO,9,70,0.6407384722672489
Hydrogel,ParEGO,9,80,0.6573747768830729
Hydrogel,ParEGO,9,90,0.6665745088768064
Hydrogel,ParEGO,9,100,0.6685216722599663
Hydrogel,ParEGO,9,110,0.6787740009987357
Hydrogel,ParEGO,9,120,0.6849672909946767
Hydrogel,ParEGO,10,20,0.5322063675546652
Hydrogel,ParEGO,10,30,0.5716572984281936
Hydrogel,ParEGO,10,40,0.5972172672016803
Hydrogel,ParEGO,10,50,0.6102321356701278
Hydrogel,ParEGO,10,60,0.623706848918073
Hydrogel,ParEGO,10,70,0.6377618697850445
Hydrogel,ParEGO,10,80,0.6489389943595603
Hydrogel,ParEGO,10,90,0.6623751879614822
Hydrogel,ParEGO,10,100,0.6696927991581217
Hydrogel,ParEGO,10,110,0.6739652104650568
Hydrogel,ParEGO,10,120,0.685039426908854
Hydrogel,ParEGO,11,20,0.5446338988308929
Hydrogel,ParEGO,11,30,0.5669181789369498
Hydrogel,ParEGO,11,40,0.5912669372403517
Hydrogel,ParEGO,11,50,0.6142534288452487
Hydrogel,ParEGO,11,60,0.6328500980685698
Hydrogel,ParEGO,11,70,0.6429446559926862
Hydrogel,ParEGO,11,80,0.6622737668743855
Hydrogel,ParEGO,11,90,0.6622737668743855
Hydrogel,ParEGO,11,100,0.6725527067434333
Hydrogel,ParEGO,11,110,0.676818446839915
Hydrogel,ParEGO,11,120,0.6796900992454722
Hydrogel,ParEGO,12,20,0.5443518099819954
Hydrogel,ParEGO,12,30,0.5828148242217752
Hydrogel,ParEGO,12,40,0.6074686413645751
Hydrogel,ParEGO,12,50,0.6218855658024005
Hydrogel,ParEGO,12,60,0.6387903043647298
Hydrogel,ParEGO,12,70,0.6544343765618974
Hydrogel,ParEGO,12,80,0.655803657398463
Hydrogel,ParEGO,12,90,0.6725196122158791
Hydrogel,ParEGO,12,100,0.677654404351232
Hydrogel,ParEGO,12,110,0.6809870691994073
Hydrogel,ParEGO,12,120,0.6809870691994073
Hydrogel,ParEGO,13,20,0.551224704803542
Hydrogel,ParEGO,13,30,0.584186727652623
Hydrogel,ParEGO,13,40,0.6127216541349646
Hydrogel,ParEGO,13,50,0.6362818495032184
Hydrogel,ParEGO,13,60,0.6460022923555457
Hydrogel,ParEGO,13,70,0.6684625864114201
Hydrogel,ParEGO,13,80,0.6684625864114201
Hydrogel,ParEGO,13,90,0.6684625864114201
Hydrogel,ParEGO,13,100,0.6812220068809864
Hydrogel,ParEGO,13,110,0.6852235947354915
Hydrogel,ParEGO,13,120,0.6933980497308921
Hydrogel,ParEGO,14,20,0.5452478900016628
Hydrogel,ParEGO,14,30,0.5668502871605436
Hydrogel,ParEGO,14,40,0.5992588759373527
Hydrogel,ParEGO,14,50,0.6233345492874385
Hydrogel,ParEGO,14,60,0.6365850841875605
Hydrogel,ParEGO,14,70,0.6505068943240072
Hydrogel,ParEGO,14,80,0.6561891355889694
Hydrogel,ParEGO,14,90,0.6639487680629286
Hydrogel,ParEGO,14,100,0.6746189764668871
Hydrogel,ParEGO,14,110,0.6774956373351886
Hydrogel,ParEGO,14,120,0.6774956373351886
Hydrogel,ParEGO,15,20,0.5453335189983636
Hydrogel,ParEGO,15,30,0.5780985897595586
Hydrogel,ParEGO,15,40,0.5958371516633775
Hydrogel,ParEGO,15,50,0.626354087403862
Hydrogel,ParEGO,15,60,0.6398999574431065
Hydrogel,ParEGO,15,70,0.6580240510294753
Hydrogel,ParEGO,15,80,0.6620400446664138
Hydrogel,ParEGO,15,90,0.6712951204234924
Hydrogel,ParEGO,15,100,0.6765491807181367
Hydrogel,ParEGO,15,110,0.6765491807181367
Hydrogel,ParEGO,15,120,0.6804034974222347
Hydrogel,GP-BO,1,20,0.5463776820157753
Hydrogel,GP-BO,1,30,0.5835721419625406
Hydrogel,GP-BO,1,40,0.6193386663779133
Hydrogel,GP-BO,1,50,0.6429591744339807
Hydrogel,GP-BO,1,60,0.6570376127816044
Hydrogel,GP-BO,1,70,0.6670494178223328
Hydrogel,GP-BO,1,80,0.6803267163119525
Hydrogel,GP-BO,1,90,0.6846825850347654
Hydrogel,GP-BO,1,100,0.6890515233506936
Hydrogel,GP-BO,1,110,0.6955508913204099
Hydrogel,GP-BO,1,120,0.6998314921483623
Hydrogel,GP-BO,2,20,0.5588053695029364
Hydrogel,GP-BO,2,30,0.6010860416797215
Hydrogel,GP-BO,2,40,0.6315693318748175
Hydrogel,GP-BO,2,50,0.6510334335894216
Hydrogel,GP-BO,2,60,0.668898626572588
Hydrogel,GP-BO,2,70,0.6777925065906572
Hydrogel,GP-BO,2,80,0.6870465164927976
Hydrogel,GP-BO,2,90,0.7014491206453602
Hydrogel,GP-BO,2,100,0.7014491206453602
Hydrogel,GP-BO,2,110,0.7053239135788214
Hydrogel,GP-BO,2,120,0.7093563177830849
Hydrogel,GP-BO,3,20,0.5499553363085733
Hydrogel,GP-BO,3,30,0.5943834091566684
Hydrogel,GP-BO,3,40,0.6303716547695095
Hydrogel,GP-BO,3,50,0.6498934707604577
Hydrogel,GP-BO,3,60,0.6510936687662943
Hydrogel,GP-BO,3,70,0.6750777134054727
Hydrogel,GP-BO,3,80,0.6855440202186864
Hydrogel,GP-BO,3,90,0.6948118336791251
Hydrogel,GP-BO,3,100,0.6985719737040973
Hydrogel,GP-BO,3,110,0.7035197783642371
Hydrogel,GP-BO,3,120,0.7047845250378514
Hydrogel,GP-BO,4,20,0.5477568857775633
Hydrogel,GP-BO,4,30,0.578425141882878
Hydrogel,GP-BO,4,40,0.6098575192841666
Hydrogel,GP-BO,4,50,0.6359688456317498
Hydrogel,GP-BO,4,60,0.6477718132492576
Hydrogel,GP-BO,4,70,0.6605584222473346
Hydrogel,GP-BO,4,80,0.6720138271870653
Hydrogel,GP-BO,4,90,0.6756707360039871
Hydrogel,GP-BO,4,100,0.6937246098621986
Hydrogel,GP-BO,4,110,0.6937246098621986
Hydrogel,GP-BO,4,120,0.6937246098621986
Hydrogel,GP-BO,5,20,0.5421339879053642
Hydrogel,GP-BO,5,30,0.586116042776673
Hydrogel,GP-BO,5,40,0.6059063847568341
Hydrogel,GP-BO,5,50,0.6285301696302609
Hydrogel,GP-BO,5,60,0.6470550126552
Hydrogel,GP-BO,5,70,0.6575066709939791
Hydrogel,GP-BO,5,80,0.6577115196700244
Hydrogel,GP-BO,5,90,0.6697577838315337
Hydrogel,GP-BO,5,100,0.6746319869313989
Hydrogel,GP-BO,5,110,0.6877241026919634
Hydrogel,GP-BO,5,120,0.6877241026919634
Hydrogel,GP-BO,6,20,0.539650328421697
Hydrogel,GP-BO,6,30,0.5750667269298334
Hydrogel,GP-BO,6,40,0.5991656182815788
Hydrogel,GP-BO,6,50,0.6245774504960968
Hydrogel,GP-BO,6,60,0.6420644183629786
Hydrogel,GP-BO,6,70,0.6544418937630063
Hydrogel,GP-BO,6,80,0.6678591385757816
Hydrogel,GP-BO,6,90,0.6773703447991395
Hydrogel,GP-BO,6,100,0.6773703447991395
Hydrogel,GP-BO,6,110,0.6831229823138334
Hydrogel,GP-BO,6,120,0.6831229823138334
Hydrogel,GP-BO,7,20,0.5484196114812613
Hydrogel,GP-BO,7,30,0.5829651619199312
Hydrogel,GP-BO,7,40,0.6136831028446691
Hydrogel,GP-BO,7,50,0.6340757299245035
Hydrogel,GP-BO,7,60,0.6445763142873288
Hydrogel,GP-BO,7,70,0.6651614049926581
Hydrogel,GP-BO,7,80,0.6708145245098776
Hydrogel,GP-BO,7,90,0.6770702813068912
Hydrogel,GP-BO,7,100,0.6770702813068912
Hydrogel,GP-BO,7,110,0.6870906621822831
Hydrogel,GP-BO,7,120,0.6917204203775734
Hydrogel,GP-BO,8,20,0.5521492584517791
Hydrogel,GP-BO,8,30,0.5897692897458077
Hydrogel,GP-BO,8,40,0.6228309191967721
Hydrogel,GP-BO,8,50,0.6390939267313172
Hydrogel,GP-BO,8,60,0.6680811056810073
Hydrogel,GP-BO,8,70,0.6773510464174821
Hydrogel,GP-BO,8,80,0.6773510464174821
Hydrogel,GP-BO,8,90,0.6917731232504563
Hydrogel,GP-BO,8,100,0.695988867975377
Hydrogel,GP-BO,8,110,0.7119608638146243
Hydrogel,GP-BO,8,120,0.7119608638146243
Hydrogel,GP-BO,9,20,0.5540716264014028
Hydrogel,GP-BO,9,30,0.5754728274418724
Hydrogel,GP-BO,9,40,0.6041885833153604
Hydrogel,GP-BO,9,50,0.635983038334691
Hydrogel,GP-BO,9,60,0.6538530853778706
Hydrogel,GP-BO,9,70,0.6647458652119183
Hydrogel,GP-BO,9,80,0.6744620734415575
Hydrogel,GP-BO,9,90,0.6805222968756789
Hydrogel,GP-BO,9,100,0.6836930732220505
Hydrogel,GP-BO,9,110,0.6836930732220505
Hydrogel,GP-BO,9,120,0.6957822857449036
Hydrogel,GP-BO,10,20,0.5497042747568539
Hydrogel,GP-BO,10,30,0.5702559975294411
Hydrogel,GP-BO,10,40,0.6063572643343765
Hydrogel,GP-BO,10,50,0.6282691875028724
Hydrogel,GP-BO,10,60,0.6444835494090473
Hydrogel,GP-BO,10,70,0.6593811044870288
Hydrogel,GP-BO,10,80,0.6620540065015486
Hydrogel,GP-BO,10,90,0.6827587336099107
Hydrogel,GP-BO,10,100,0.6827587336099107
Hydrogel,GP-BO,10,110,0.6844620837158141
Hydrogel,GP-BO,10,120,0.6918387211928756
Hydrogel,GP-BO,11,20,0.5401874856035422
Hydrogel,GP-BO,11,30,0.5790972466233573
Hydrogel,GP-BO,11,40,0.6105585475068831
Hydrogel,GP-BO,11,50,0.633016046199634
Hydrogel,GP-BO,11,60,0.6498408666134129
Hydrogel,GP-BO,11,70,0.6692426051613444
Hydrogel,GP-BO,11,80,0.6811300394370217
Hydrogel,GP-BO,11,90,0.6830347676453894
Hydrogel,GP-BO,11,100,0.6857186220823098
Hydrogel,GP-BO,11,110,0.6946304414436458
Hydrogel,GP-BO,11,120,0.6957970496132132
Hydrogel,GP-BO,12,20,0.5521760245322826
Hydrogel,GP-BO,12,30,0.5911912863365825
Hydrogel,GP-BO,12,40,0.6286631424028643
Hydrogel,GP-BO,12,50,0.6499392980328912
Hydrogel,GP-BO,12,60,0.6626584250668163
Hydrogel,GP-BO,12,70,0.6809920032202469
Hydrogel,GP-BO,12,80,0.6878111142784847
Hydrogel,GP-BO,12,90,0.7003519684000036
Hydrogel,GP-BO,12,100,0.7024852439983501
Hydrogel,GP-BO,12,110,0.7024852439983501
Hydrogel,GP-BO,12,120,0.7079999859068351
Hydrogel,GP-BO,13,20,0.5412613058416926
Hydrogel,GP-BO,13,30,0.5692178362286364
Hydrogel,GP-BO,13,40,0.5970882895071921
Hydrogel,GP-BO,13,50,0.6160699172092798
Hydrogel,GP-BO,13,60,0.630232910923069
Hydrogel,GP-BO,13,70,0.646517047906952
Hydrogel,GP-BO,13,80,0.6510733085484763
Hydrogel,GP-BO,13,90,0.6624502233157081
Hydrogel,GP-BO,13,100,0.671540716276979
Hydrogel,GP-BO,13,110,0.671540716276979
Hydrogel,GP-BO,13,120,0.6747676787463477
Hydrogel,GP-BO,14,20,0.5375311145435252
Hydrogel,GP-BO,14,30,0.5841817070569134
Hydrogel,GP-BO,14,40,0.6063856442826391
Hydrogel,GP-BO,14,50,0.6297402745165233
Hydrogel,GP-BO,14,60,0.6477947656478398
Hydrogel,GP-BO,14,70,0.6607686455032193
Hydrogel,GP-BO,14,80,0.6708830472700159
Hydrogel,GP-BO,14,90,0.6838365065891349
Hydrogel,GP-BO,14,100,0.6883635983446119
Hydrogel,GP-BO,14,110,0.6911959813326871
Hydrogel,GP-BO,14,120,0.702202930879613
Hydrogel,GP-BO,15,20,0.5483152473933139
Hydrogel,GP-BO,15,30,0.5897804158219175
Hydrogel,GP-BO,15,40,0.6191338884056523
Hydrogel,GP-BO,15,50,0.6441142291120627
Hydrogel,GP-BO,15,60,0.6663368046909692
Hydrogel,GP-BO,15,70,0.6725138096008587
Hydrogel,GP-BO,15,80,0.684906696768987
Hydrogel,GP-BO,15,90,0.6961282852586882
Hydrogel,GP-BO,15,100,0.7002257878329674
Hydrogel,GP-BO,15,110,0.7071696154838599
Hydrogel,GP-BO,15,120,0.7184630943519765
Hydrogel,Physics-free,1,20,0.5618407721687905
Hydrogel,Physics-free,1,30,0.6125800174427337
Hydrogel,Physics-free,1,40,0.6443607874892645
Hydrogel,Physics-free,1,50,0.6686860609329509
Hydrogel,Physics-free,1,60,0.6832535844814442
Hydrogel,Physics-free,1,70,0.6993598959881973
Hydrogel,Physics-free,1,80,0.7074431063155728
Hydrogel,Physics-free,1,90,0.719707373741735
Hydrogel,Physics-free,1,100,0.7247907468061408
Hydrogel,Physics-free,1,110,0.7305832769792582
Hydrogel,Physics-free,1,120,0.7305832769792582
Hydrogel,Physics-free,2,20,0.5592201769016206
Hydrogel,Physics-free,2,30,0.603375806235185
Hydrogel,Physics-free,2,40,0.63083421432259
Hydrogel,Physics-free,2,50,0.6597321226346861
Hydrogel,Physics-free,2,60,0.6734366641834084
Hydrogel,Physics-free,2,70,0.6818305878708608
Hydrogel,Physics-free,2,80,0.6914112281997286
Hydrogel,Physics-free,2,90,0.6946856712881141
Hydrogel,Physics-free,2,100,0.6985191094171302
Hydrogel,Physics-free,2,110,0.7010143626243178
Hydrogel,Physics-free,2,120,0.7126289596732519
Hydrogel,Physics-free,3,20,0.5517923383715959
Hydrogel,Physics-free,3,30,0.6042088432025868
Hydrogel,Physics-free,3,40,0.6390402797372176
Hydrogel,Physics-free,3,50,0.6655173956591657
Hydrogel,Physics-free,3,60,0.6858471231831931
Hydrogel,Physics-free,3,70,0.6975123445596196
Hydrogel,Physics-free,3,80,0.7151153855255771
Hydrogel,Physics-free,3,90,0.7151153855255771
Hydrogel,Physics-free,3,100,0.7237323929795009
Hydrogel,Physics-free,3,110,0.72457989126576
Hydrogel,Physics-free,3,120,0.7273215473405543
Hydrogel,Physics-free,4,20,0.5397955895002037
Hydrogel,Physics-free,4,30,0.5995786324752549
Hydrogel,Physics-free,4,40,0.6208397835348247
Hydrogel,Physics-free,4,50,0.6463022540214814
Hydrogel,Physics-free,4,60,0.6633775144638798
Hydrogel,Physics-free,4,70,0.6767142509695582
Hydrogel,Physics-free,4,80,0.6922391780373828
Hydrogel,Physics-free,4,90,0.7069467103517558
Hydrogel,Physics-free,4,100,0.7070049798716282
Hydrogel,Physics-free,4,110,0.7070049798716282
Hydrogel,Physics-free,4,120,0.7174996903664355
Hydrogel,Physics-free,5,20,0.5516052654602981
Hydrogel,Physics-free,5,30,0.5979039221871167
Hydrogel,Physics-free,5,40,0.6321373434091838
Hydrogel,Physics-free,5,50,0.6516979701036977
Hydrogel,Physics-free,5,60,0.6697996963735515
Hydrogel,Physics-free,5,70,0.6817066934997368
Hydrogel,Physics-free,5,80,0.6930348687319299
Hydrogel,Physics-free,5,90,0.696942934858428
Hydrogel,Physics-free,5,100,0.696942934858428
Hydrogel,Physics-free,5,110,0.7117980563942198
Hydrogel,Physics-free,5,120,0.7151009652577643
Hydrogel,Physics-free,6,20,0.5622626380126573
Hydrogel,Physics-free,6,30,0.6081894277090791
Hydrogel,Physics-free,6,40,0.6442614460053417
Hydrogel,Physics-free,6,50,0.6601601530995991
Hydrogel,Physics-free,6,60,0.6843633815200417
Hydrogel,Physics-free,6,70,0.6959519227441765
Hydrogel,Physics-free,6,80,0.704415486643194
Hydrogel,Physics-free,6,90,0.707775293972593
Hydrogel,Physics-free,6,100,0.7127482623941687
Hydrogel,Physics-free,6,110,0.715258605817957
Hydrogel,Physics-free,6,120,0.715258605817957
Hydrogel,Physics-free,7,20,0.5587996306961278
Hydrogel,Physics-free,7,30,0.6013984691530855
Hydrogel,Physics-free,7,40,0.6393900780461724
Hydrogel,Physics-free,7,50,0.6691391077650883
Hydrogel,Physics-free,7,60,0.6873804593254639
Hydrogel,Physics-free,7,70,0.7052301422834213
Hydrogel,Physics-free,7,80,0.7052301422834213
Hydrogel,Physics-free,7,90,0.7170765258401155
Hydrogel,Physics-free,7,100,0.7288880248614843
Hydrogel,Physics-free,7,110,0.7288880248614843
Hydrogel,Physics-free,7,120,0.7395582930384077
Hydrogel,Physics-free,8,20,0.5551743474915797
Hydrogel,Physics-free,8,30,0.5857430524615794
Hydrogel,Physics-free,8,40,0.622381984293236
Hydrogel,Physics-free,8,50,0.6493367368088504
Hydrogel,Physics-free,8,60,0.6663154070146822
Hydrogel,Physics-free,8,70,0.6766683524903419
Hydrogel,Physics-free,8,80,0.6834908289914359
Hydrogel,Physics-free,8,90,0.6917300769274669
Hydrogel,Physics-free,8,100,0.7077301120687726
Hydrogel,Physics-free,8,110,0.7107819537639455
Hydrogel,Physics-free,8,120,0.711659144259857
Hydrogel,Physics-free,9,20,0.563313380149027
Hydrogel,Physics-free,9,30,0.6054897585471789
Hydrogel,Physics-free,9,40,0.6439596946804755
Hydrogel,Physics-free,9,50,0.6656471723936265
Hydrogel,Physics-free,9,60,0.6875516331950755
Hydrogel,Physics-free,9,70,0.6997584797355946
Hydrogel,Physics-free,9,80,0.7139683938384357
Hydrogel,Physics-free,9,90,0.7139683938384357
Hydrogel,Physics-free,9,100,0.7139683938384357
Hydrogel,Physics-free,9,110,0.7252605418038668
Hydrogel,Physics-free,9,120,0.7252605418038668
Hydrogel,Physics-free,10,20,0.5523667878597924
Hydrogel,Physics-free,10,30,0.5954883213074321
Hydrogel,Physics-free,10,40,0.6316681331056934
Hydrogel,Physics-free,10,50,0.6558551581233143
Hydrogel,Physics-free,10,60,0.681360118591693
Hydrogel,Physics-free,10,70,0.6906925937781687
Hydrogel,Physics-free,10,80,0.7074057722884248
Hydrogel,Physics-free,10,90,0.714016407148399
Hydrogel,Physics-free,10,100,0.7220737926461241
Hydrogel,Physics-free,10,110,0.7220737926461241
Hydrogel,Physics-free,10,120,0.7276043983383258
Hydrogel,Physics-free,11,20,0.5486319211752366
Hydrogel,Physics-free,11,30,0.600290506354714
Hydrogel,Physics-free,11,40,0.6371182626982868
Hydrogel,Physics-free,11,50,0.648146364785409
Hydrogel,Physics-free,11,60,0.675761580343366
Hydrogel,Physics-free,11,70,0.6836120251819006
Hydrogel,Physics-free,11,80,0.6931321002427624
Hydrogel,Physics-free,11,90,0.7037362431516722
Hydrogel,Physics-free,11,100,0.7037362431516722
Hydrogel,Physics-free,11,110,0.7196145136888341
Hydrogel,Physics-free,11,120,0.7196145136888341
Hydrogel,Physics-free,12,20,0.5581963147742145
Hydrogel,Physics-free,12,30,0.6054382665756941
Hydrogel,Physics-free,12,40,0.6368116761292762
Hydrogel,Physics-free,12,50,0.6735713751037293
Hydrogel,Physics-free,12,60,0.681225033621526
Hydrogel,Physics-free,12,70,0.7069737783425366
Hydrogel,Physics-free,12,80,0.7107124039405572
Hydrogel,Physics-free,12,90,0.7252760254579821
Hydrogel,Physics-free,12,100,0.7252760254579821
Hydrogel,Physics-free,12,110,0.7252760254579821
Hydrogel,Physics-free,12,120,0.7288098564383342
Hydrogel,Physics-free,13,20,0.5452427175960592
Hydrogel,Physics-free,13,30,0.5874230957180836
Hydrogel,Physics-free,13,40,0.6183411104141978
Hydrogel,Physics-free,13,50,0.6449428194426996
Hydrogel,Physics-free,13,60,0.6476978309036621
Hydrogel,Physics-free,13,70,0.6744592796934682
Hydrogel,Physics-free,13,80,0.6789796492667449
Hydrogel,Physics-free,13,90,0.6849904267135772
Hydrogel,Physics-free,13,100,0.6949485579733526
Hydrogel,Physics-free,13,110,0.6957651347809624
Hydrogel,Physics-free,13,120,0.6961778446117448
Hydrogel,Physics-free,14,20,0.5584259585990549
Hydrogel,Physics-free,14,30,0.6171827972524696
Hydrogel,Physics-free,14,40,0.6476417604586046
Hydrogel,Physics-free,14,50,0.6671456614719105
Hydrogel,Physics-free,14,60,0.6914348909444247
Hydrogel,Physics-free,14,70,0.7005410573821513
Hydrogel,Physics-free,14,80,0.7097759475997049
Hydrogel,Physics-free,14,90,0.7156601361940421
Hydrogel,Physics-free,14,100,0.7264142111929508
Hydrogel,Physics-free,14,110,0.7279188089679209
Hydrogel,Physics-free,14,120,0.7279188089679209
Hydrogel,Physics-free,15,20,0.5568721593952881
Hydrogel,Physics-free,15,30,0.5932588299751835
Hydrogel,Physics-free,15,40,0.6289601414482722
Hydrogel,Physics-free,15,50,0.6536156540380107
Hydrogel,Physics-free,15,60,0.6819008366677652
Hydrogel,Physics-free,15,70,0.6915763077758276
Hydrogel,Physics-free,15,80,0.6985791586109745
Hydrogel,Physics-free,15,90,0.7080445308488397
Hydrogel,Physics-free,15,100,0.7142266021978521
Hydrogel,Physics-free,15,110,0.7228452601374542
Hydrogel,Physics-free,15,120,0.7272383689794473
Hydrogel,MF-SAEA,1,20,0.5694726559117236
Hydrogel,MF-SAEA,1,30,0.6288227664197805
Hydrogel,MF-SAEA,1,40,0.6681288661128513
Hydrogel,MF-SAEA,1,50,0.7103620382395738
Hydrogel,MF-SAEA,1,60,0.7321447573848504
Hydrogel,MF-SAEA,1,70,0.7503568889777704
Hydrogel,MF-SAEA,1,80,0.7573147283938185
Hydrogel,MF-SAEA,1,90,0.7661593936979869
Hydrogel,MF-SAEA,1,100,0.7677953582415715
Hydrogel,MF-SAEA,1,110,0.7797464259278475
Hydrogel,MF-SAEA,1,120,0.7864153485343867
Hydrogel,MF-SAEA,2,20,0.5683752569553632
Hydrogel,MF-SAEA,2,30,0.6394038563708404
Hydrogel,MF-SAEA,2,40,0.6838700589670862
Hydrogel,MF-SAEA,2,50,0.7002643878909105
Hydrogel,MF-SAEA,2,60,0.7269324310357365
Hydrogel,MF-SAEA,2,70,0.7433612773261112
Hydrogel,MF-SAEA,2,80,0.7550911817128221
Hydrogel,MF-SAEA,2,90,0.7588046772863184
Hydrogel,MF-SAEA,2,100,0.7588046772863184
Hydrogel,MF-SAEA,2,110,0.7637769054585722
Hydrogel,MF-SAEA,2,120,0.774244777753449
Hydrogel,MF-SAEA,3,20,0.576025256536446
Hydrogel,MF-SAEA,3,30,0.6288496984299724
Hydrogel,MF-SAEA,3,40,0.6696824483925549
Hydrogel,MF-SAEA,3,50,0.710053617566073
Hydrogel,MF-SAEA,3,60,0.722963196031782
Hydrogel,MF-SAEA,3,70,0.7461546450747231
Hydrogel,MF-SAEA,3,80,0.75465805321015
Hydrogel,MF-SAEA,3,90,0.7670866867315673
Hydrogel,MF-SAEA,3,100,0.771376083093124
Hydrogel,MF-SAEA,3,110,0.773224192807362
Hydrogel,MF-SAEA,3,120,0.7817887603519422
Hydrogel,MF-SAEA,4,20,0.5842408985869684
Hydrogel,MF-SAEA,4,30,0.6535425014442514
Hydrogel,MF-SAEA,4,40,0.6997894012275901
Hydrogel,MF-SAEA,4,50,0.7358954685082909
Hydrogel,MF-SAEA,4,60,0.7504267779988912
Hydrogel,MF-SAEA,4,70,0.7803750277783746
Hydrogel,MF-SAEA,4,80,0.7876915411671652
Hydrogel,MF-SAEA,4,90,0.7963075135237655
Hydrogel,MF-SAEA,4,100,0.7970110400728243
Hydrogel,MF-SAEA,4,110,0.7970110400728243
Hydrogel,MF-SAEA,4,120,0.8014931784233642
Hydrogel,MF-SAEA,5,20,0.571268767903825
Hydrogel,MF-SAEA,5,30,0.6265256474496732
Hydrogel,MF-SAEA,5,40,0.6799787516545526
Hydrogel,MF-SAEA,5,50,0.713264518639856
Hydrogel,MF-SAEA,5,60,0.7273347181580908
Hydrogel,MF-SAEA,5,70,0.7428045531489156
Hydrogel,MF-SAEA,5,80,0.7499145299294839
Hydrogel,MF-SAEA,5,90,0.7552433184850772
Hydrogel,MF-SAEA,5,100,0.7626631394376892
Hydrogel,MF-SAEA,5,110,0.7678037911063662
Hydrogel,MF-SAEA,5,120,0.7737236884065015
Hydrogel,MF-SAEA,6,20,0.5797524264858237
Hydrogel,MF-SAEA,6,30,0.643716377655036
Hydrogel,MF-SAEA,6,40,0.6925088120468701
Hydrogel,MF-SAEA,6,50,0.7198609417884732
Hydrogel,MF-SAEA,6,60,0.7407876730008787
Hydrogel,MF-SAEA,6,70,0.7583873856531091
Hydrogel,MF-SAEA,6,80,0.7620348694165245
Hydrogel,MF-SAEA,6,90,0.7644869596529666
Hydrogel,MF-SAEA,6,100,0.773071210354265
Hydrogel,MF-SAEA,6,110,0.7824714977009789
Hydrogel,MF-SAEA,6,120,0.7824714977009789
Hydrogel,MF-SAEA,7,20,0.5873521406918671
Hydrogel,MF-SAEA,7,30,0.6390500040236293
Hydrogel,MF-SAEA,7,40,0.6912771399872166
Hydrogel,MF-SAEA,7,50,0.7208492158151636
Hydrogel,MF-SAEA,7,60,0.7364269118885453
Hydrogel,MF-SAEA,7,70,0.7661957855164288
Hydrogel,MF-SAEA,7,80,0.7664801440469987
Hydrogel,MF-SAEA,7,90,0.774302821301737
Hydrogel,MF-SAEA,7,100,0.7925376305314591
Hydrogel,MF-SAEA,7,110,0.7925376305314591
Hydrogel,MF-SAEA,7,120,0.7925376305314591
Hydrogel,MF-SAEA,8,20,0.5707046584742573
Hydrogel,MF-SAEA,8,30,0.6408289751039036
Hydrogel,MF-SAEA,8,40,0.6746027432736226
Hydrogel,MF-SAEA,8,50,0.71106090499971
Hydrogel,MF-SAEA,8,60,0.7221570440844712
Hydrogel,MF-SAEA,8,70,0.7381524817743369
Hydrogel,MF-SAEA,8,80,0.7501296705368986
Hydrogel,MF-SAEA,8,90,0.7538654354514787
Hydrogel,MF-SAEA,8,100,0.7549723146412467
Hydrogel,MF-SAEA,8,110,0.7549723146412467
Hydrogel,MF-SAEA,8,120,0.7602378962323127
Hydrogel,MF-SAEA,9,20,0.5770756598387446
Hydrogel,MF-SAEA,9,30,0.6378429660862907
Hydrogel,MF-SAEA,9,40,0.6771550411834821
Hydrogel,MF-SAEA,9,50,0.7105962967117809
Hydrogel,MF-SAEA,9,60,0.7365696827054238
Hydrogel,MF-SAEA,9,70,0.7528909877540187
Hydrogel,MF-SAEA,9,80,0.7612937673654437
Hydrogel,MF-SAEA,9,90,0.7649753487743611
Hydrogel,MF-SAEA,9,100,0.7688411496789813
Hydrogel,MF-SAEA,9,110,0.7807830001091736
Hydrogel,MF-SAEA,9,120,0.7826608157573938
Hydrogel,MF-SAEA,10,20,0.5787188900372905
Hydrogel,MF-SAEA,10,30,0.6462928384046368
Hydrogel,MF-SAEA,10,40,0.6884421296281045
Hydrogel,MF-SAEA,10,50,0.7080190264114412
Hydrogel,MF-SAEA,10,60,0.7328206211107602
Hydrogel,MF-SAEA,10,70,0.7409850857525855
Hydrogel,MF-SAEA,10,80,0.7589463973727794
Hydrogel,MF-SAEA,10,90,0.7643401973504526
Hydrogel,MF-SAEA,10,100,0.7682056125188016
Hydrogel,MF-SAEA,10,110,0.7754188878815428
Hydrogel,MF-SAEA,10,120,0.7754188878815428
Hydrogel,MF-SAEA,11,20,0.5748932422597852
Hydrogel,MF-SAEA,11,30,0.6502939357347073
Hydrogel,MF-SAEA,11,40,0.6951958178110176
Hydrogel,MF-SAEA,11,50,0.7234934488567287
Hydrogel,MF-SAEA,11,60,0.738912467223698
Hydrogel,MF-SAEA,11,70,0.7492775684028065
Hydrogel,MF-SAEA,11,80,0.7553152332134714
Hydrogel,MF-SAEA,11,90,0.7721102008485983
Hydrogel,MF-SAEA,11,100,0.7738373397441446
Hydrogel,MF-SAEA,11,110,0.7837229218887779
Hydrogel,MF-SAEA,11,120,0.7837229218887779
Hydrogel,MF-SAEA,12,20,0.5724707058157208
Hydrogel,MF-SAEA,12,30,0.6421291179826665
Hydrogel,MF-SAEA,12,40,0.6735575777883305
Hydrogel,MF-SAEA,12,50,0.7011891355888139
Hydrogel,MF-SAEA,12,60,0.7166533283299749
Hydrogel,MF-SAEA,12,70,0.7412826921051784
Hydrogel,MF-SAEA,12,80,0.7519767430950616
Hydrogel,MF-SAEA,12,90,0.7576989621580527
Hydrogel,MF-SAEA,12,100,0.7688649067307519
Hydrogel,MF-SAEA,12,110,0.7706202914098729
Hydrogel,MF-SAEA,12,120,0.7706202914098729
Hydrogel,MF-SAEA,13,20,0.5713335098850272
Hydrogel,MF-SAEA,13,30,0.6368660481681389
Hydrogel,MF-SAEA,13,40,0.6818013070507115
Hydrogel,MF-SAEA,13,50,0.7028928907905209
Hydrogel,MF-SAEA,13,60,0.717918563017446
Hydrogel,MF-SAEA,13,70,0.73895003331424
Hydrogel,MF-SAEA,13,80,0.7509372898052655
Hydrogel,MF-SAEA,13,90,0.7557440416048647
Hydrogel,MF-SAEA,13,100,0.7684196066578143
Hydrogel,MF-SAEA,13,110,0.7684196066578143
Hydrogel,MF-SAEA,13,120,0.7684196066578143
Hydrogel,MF-SAEA,14,20,0.5798129952084075
Hydrogel,MF-SAEA,14,30,0.6307682938030928
Hydrogel,MF-SAEA,14,40,0.6750046827370475
Hydrogel,MF-SAEA,14,50,0.6968347321432585
Hydrogel,MF-SAEA,14,60,0.7328921679054508
Hydrogel,MF-SAEA,14,70,0.7474702645968527
Hydrogel,MF-SAEA,14,80,0.7580574360394476
Hydrogel,MF-SAEA,14,90,0.7643341952656644
Hydrogel,MF-SAEA,14,100,0.7681482399250481
Hydrogel,MF-SAEA,14,110,0.7764217836410423
Hydrogel,MF-SAEA,14,120,0.7764217836410423
Hydrogel,MF-SAEA,15,20,0.5798093162882485
Hydrogel,MF-SAEA,15,30,0.6509185670426145
Hydrogel,MF-SAEA,15,40,0.6869563966040106
Hydrogel,MF-SAEA,15,50,0.7277238256927958
Hydrogel,MF-SAEA,15,60,0.7549522909012268
Hydrogel,MF-SAEA,15,70,0.7614058164281181
Hydrogel,MF-SAEA,15,80,0.7749334104272229
Hydrogel,MF-SAEA,15,90,0.7782666270903075
Hydrogel,MF-SAEA,15,100,0.7808006878396035
Hydrogel,MF-SAEA,15,110,0.7808006878396035
Hydrogel,MF-SAEA,15,120,0.7850541882286863
Hydrogel,Proposed,1,20,0.5948458970416656
Hydrogel,Proposed,1,30,0.6703432501454812
Hydrogel,Proposed,1,40,0.7206243130792588
Hydrogel,Proposed,1,50,0.7422051309982828
Hydrogel,Proposed,1,60,0.752796425287462
Hydrogel,Proposed,1,70,0.7716629976339364
Hydrogel,Proposed,1,80,0.781217181109821
Hydrogel,Proposed,1,90,0.7858067698905055
Hydrogel,Proposed,1,100,0.7905155032959081
Hydrogel,Proposed,1,110,0.7905155032959081
Hydrogel,Proposed,1,120,0.7967102713575859
Hydrogel,Proposed,2,20,0.5918261491254958
Hydrogel,Proposed,2,30,0.6738277004131338
Hydrogel,Proposed,2,40,0.708947391923704
Hydrogel,Proposed,2,50,0.739389321069506
Hydrogel,Proposed,2,60,0.762080459567707
Hydrogel,Proposed,2,70,0.7669779405823612
Hydrogel,Proposed,2,80,0.7741807930616191
Hydrogel,Proposed,2,90,0.777958270665368
Hydrogel,Proposed,2,100,0.777958270665368
Hydrogel,Proposed,2,110,0.7801459909061389
Hydrogel,Proposed,2,120,0.7868076455696137
Hydrogel,Proposed,3,20,0.5879999278440449
Hydrogel,Proposed,3,30,0.6558784797856348
Hydrogel,Proposed,3,40,0.703025146893543
Hydrogel,Proposed,3,50,0.7288581327297937
Hydrogel,Proposed,3,60,0.7496851293785561
Hydrogel,Proposed,3,70,0.7692053587086134
Hydrogel,Proposed,3,80,0.7712005182543846
Hydrogel,Proposed,3,90,0.7779162067666614
Hydrogel,Proposed,3,100,0.7904019440872251
Hydrogel,Proposed,3,110,0.7904019440872251
Hydrogel,Proposed,3,120,0.7904019440872251
Hydrogel,Proposed,4,20,0.5895032820797307
Hydrogel,Proposed,4,30,0.6597882422666401
Hydrogel,Proposed,4,40,0.7057187237724363
Hydrogel,Proposed,4,50,0.7389492216046558
Hydrogel,Proposed,4,60,0.7548600129015524
Hydrogel,Proposed,4,70,0.7762202671526199
Hydrogel,Proposed,4,80,0.7778590155242326
Hydrogel,Proposed,4,90,0.779293867296749
Hydrogel,Proposed,4,100,0.779293867296749
Hydrogel,Proposed,4,110,0.7893110929315549
Hydrogel,Proposed,4,120,0.7893110929315549
Hydrogel,Proposed,5,20,0.6006873241145372
Hydrogel,Proposed,5,30,0.6811936751795455
Hydrogel,Proposed,5,40,0.7319387518243983
Hydrogel,Proposed,5,50,0.7582747743679632
Hydrogel,Proposed,5,60,0.7780685196818002
Hydrogel,Proposed,5,70,0.7947138491095369
Hydrogel,Proposed,5,80,0.7957637803780933
Hydrogel,Proposed,5,90,0.7990282945767223
Hydrogel,Proposed,5,100,0.8006201927322578
Hydrogel,Proposed,5,110,0.8006201927322578
Hydrogel,Proposed,5,120,0.8163588090359725
Hydrogel,Proposed,6,20,0.5909390743054005
Hydrogel,Proposed,6,30,0.665285222592887
Hydrogel,Proposed,6,40,0.6950270238970401
Hydrogel,Proposed,6,50,0.7170176760730995
Hydrogel,Proposed,6,60,0.749522923606434
Hydrogel,Proposed,6,70,0.7560293119561008
Hydrogel,Proposed,6,80,0.7641492638021493
Hydrogel,Proposed,6,90,0.7641492638021493
Hydrogel,Proposed,6,100,0.7642033379926989
Hydrogel,Proposed,6,110,0.7642033379926989
Hydrogel,Proposed,6,120,0.7642033379926989
Hydrogel,Proposed,7,20,0.5997187670591769
Hydrogel,Proposed,7,30,0.6741522107772805
Hydrogel,Proposed,7,40,0.7140337297000373
Hydrogel,Proposed,7,50,0.7436174222010012
Hydrogel,Proposed,7,60,0.7604720606584549
Hydrogel,Proposed,7,70,0.7760910227200392
Hydrogel,Proposed,7,80,0.7777567150460712
Hydrogel,Proposed,7,90,0.7777567150460712
Hydrogel,Proposed,7,100,0.7827944917980401
Hydrogel,Proposed,7,110,0.7851715097199832
Hydrogel,Proposed,7,120,0.7881585332300544
Hydrogel,Proposed,8,20,0.5929445966350524
Hydrogel,Proposed,8,30,0.6795598434826784
Hydrogel,Proposed,8,40,0.724994241457039
Hydrogel,Proposed,8,50,0.7570076166034168
Hydrogel,Proposed,8,60,0.7680681395524634
Hydrogel,Proposed,8,70,0.7815600740244385
Hydrogel,Proposed,8,80,0.7815600740244385
Hydrogel,Proposed,8,90,0.7914079633192473
Hydrogel,Proposed,8,100,0.7914079633192473
Hydrogel,Proposed,8,110,0.7980146475108015
Hydrogel,Proposed,8,120,0.7980146475108015
Hydrogel,Proposed,9,20,0.5887993383352714
Hydrogel,Proposed,9,30,0.6628269684896158
Hydrogel,Proposed,9,40,0.7025462255821161
Hydrogel,Proposed,9,50,0.7356932433368266
Hydrogel,Proposed,9,60,0.7531701926853426
Hydrogel,Proposed,9,70,0.7594721158598466
Hydrogel,Proposed,9,80,0.7672324635944874
Hydrogel,Proposed,9,90,0.7705411442066604
Hydrogel,Proposed,9,100,0.7753272316467386
Hydrogel,Proposed,9,110,0.7764760003719442
Hydrogel,Proposed,9,120,0.7790103088839666
Hydrogel,Proposed,10,20,0.5940697625487338
Hydrogel,Proposed,10,30,0.6683078714633662
Hydrogel,Proposed,10,40,0.708677913569828
Hydrogel,Proposed,10,50,0.7378365959949342
Hydrogel,Proposed,10,60,0.7580632275750712
Hydrogel,Proposed,10,70,0.7669709211458487
Hydrogel,Proposed,10,80,0.7758735058569831
Hydrogel,Proposed,10,90,0.780783319697738
Hydrogel,Proposed,10,100,0.7860458251086693
Hydrogel,Proposed,10,110,0.7868860875225001
Hydrogel,Proposed,10,120,0.7868860875225001
Hydrogel,Proposed,11,20,0.5856550933261151
Hydrogel,Proposed,11,30,0.6567811787066343
Hydrogel,Proposed,11,40,0.6979147339987241
Hydrogel,Proposed,11,50,0.7314621897797182
Hydrogel,Proposed,11,60,0.7457360485934126
Hydrogel,Proposed,11,70,0.7490357435067524
Hydrogel,Proposed,11,80,0.758648496271664
Hydrogel,Proposed,11,90,0.7665213381563951
Hydrogel,Proposed,11,100,0.7704155601107147
Hydrogel,Proposed,11,110,0.7819796618205035
Hydrogel,Proposed,11,120,0.7819796618205035
Hydrogel,Proposed,12,20,0.5829532309762819
Hydrogel,Proposed,12,30,0.6541110126430427
Hydrogel,Proposed,12,40,0.7040085978890024
Hydrogel,Proposed,12,50,0.7333552491819012
Hydrogel,Proposed,12,60,0.7478943312298606
Hydrogel,Proposed,12,70,0.7685339778181153
Hydrogel,Proposed,12,80,0.785258756668287
Hydrogel,Proposed,12,90,0.785258756668287
Hydrogel,Proposed,12,100,0.785258756668287
Hydrogel,Proposed,12,110,0.7866600135373776
Hydrogel,Proposed,12,120,0.7866600135373776
Hydrogel,Proposed,13,20,0.5957054209640248
Hydrogel,Proposed,13,30,0.676226522859075
Hydrogel,Proposed,13,40,0.722062398330428
Hydrogel,Proposed,13,50,0.7532656213196512
Hydrogel,Proposed,13,60,0.7532656213196512
Hydrogel,Proposed,13,70,0.7697220769098353
Hydrogel,Proposed,13,80,0.7800962428692695
Hydrogel,Proposed,13,90,0.7825548014251871
Hydrogel,Proposed,13,100,0.7859557978945565
Hydrogel,Proposed,13,110,0.7917405325920046
Hydrogel,Proposed,13,120,0.7917405325920046
Hydrogel,Proposed,14,20,0.5918568397620371
Hydrogel,Proposed,14,30,0.6753850331940883
Hydrogel,Proposed,14,40,0.7054395704750944
Hydrogel,Proposed,14,50,0.7406242857256704
Hydrogel,Proposed,14,60,0.7666612897337982
Hydrogel,Proposed,14,70,0.767531221279884
Hydrogel,Proposed,14,80,0.7732945467626161
Hydrogel,Proposed,14,90,0.7799246708593617
Hydrogel,Proposed,14,100,0.7799246708593617
Hydrogel,Proposed,14,110,0.7799246708593617
Hydrogel,Proposed,14,120,0.7808075929564845
Hydrogel,Proposed,15,20,0.5849441222606862
Hydrogel,Proposed,15,30,0.6508562498314371
Hydrogel,Proposed,15,40,0.6925560615151765
Hydrogel,Proposed,15,50,0.7166506212087383
Hydrogel,Proposed,15,60,0.7364495762774345
Hydrogel,Proposed,15,70,0.7458800625751905
Hydrogel,Proposed,15,80,0.7580507266569531
Hydrogel,Proposed,15,90,0.7580507266569531
Hydrogel,Proposed,15,100,0.7664723489736747
Hydrogel,Proposed,15,110,0.767665065195236
Hydrogel,Proposed,15,120,0.767665065195236
DEA,ParEGO,1,20,0.5448404899585794
DEA,ParEGO,1,30,0.586947718248903
DEA,ParEGO,1,40,0.6155493712730493
DEA,ParEGO,1,50,0.6340277292907815
DEA,ParEGO,1,60,0.6554477040356189
DEA,ParEGO,1,70,0.6669293843240602
DEA,ParEGO,1,80,0.6713659517738194
DEA,ParEGO,1,90,0.6924882670730315
DEA,ParEGO,1,100,0.6942877595789513
DEA,ParEGO,1,110,0.6962556233852563
DEA,ParEGO,1,120,0.7107334690744077
DEA,ParEGO,2,20,0.5544198773288034
DEA,ParEGO,2,30,0.5993682151414983
DEA,ParEGO,2,40,0.6249009785646236
DEA,ParEGO,2,50,0.6561886404804093
DEA,ParEGO,2,60,0.6724987915415821
DEA,ParEGO,2,70,0.6818694721115225
DEA,ParEGO,2,80,0.7046450741893105
DEA,ParEGO,2,90,0.7046450741893105
DEA,ParEGO,2,100,0.71406465546725
DEA,ParEGO,2,110,0.7279400048960075
DEA,ParEGO,2,120,0.7279400048960075
DEA,ParEGO,3,20,0.5569569353505847
DEA,ParEGO,3,30,0.5939629785226722
DEA,ParEGO,3,40,0.6257834468748396
DEA,ParEGO,3,50,0.6550700133533628
DEA,ParEGO,3,60,0.6648033460682393
DEA,ParEGO,3,70,0.6826402133883525
DEA,ParEGO,3,80,0.7006132195052854
DEA,ParEGO,3,90,0.7182834649622422
DEA,ParEGO,3,100,0.7231559658137043
DEA,ParEGO,3,110,0.7231559658137043
DEA,ParEGO,3,120,0.7265024163363252
DEA,ParEGO,4,20,0.5524510589390593
DEA,ParEGO,4,30,0.5815618596783126
DEA,ParEGO,4,40,0.6227331808821163
DEA,ParEGO,4,50,0.6379985772060096
DEA,ParEGO,4,60,0.6610935555151157
DEA,ParEGO,4,70,0.6767604039421521
DEA,ParEGO,4,80,0.685782023355032
DEA,ParEGO,4,90,0.6886353777686488
DEA,ParEGO,4,100,0.7001247900404765
DEA,ParEGO,4,110,0.7067668726949092
DEA,ParEGO,4,120,0.7067668726949092
DEA,ParEGO,5,20,0.5590824568299564
DEA,ParEGO,5,30,0.6091984813301653
DEA,ParEGO,5,40,0.6302469315613368
DEA,ParEGO,5,50,0.6598898541095605
DEA,ParEGO,5,60,0.6662818104718075
DEA,ParEGO,5,70,0.6898237947375422
DEA,ParEGO,5,80,0.702606442687354
DEA,ParEGO,5,90,0.7123779597345467
DEA,ParEGO,5,100,0.7127979859849062
DEA,ParEGO,5,110,0.7159275334199038
DEA,ParEGO,5,120,0.722240582729588
DEA,ParEGO,6,20,0.5485294352676491
DEA,ParEGO,6,30,0.5943131140609149
DEA,ParEGO,6,40,0.6283229506281504
DEA,ParEGO,6,50,0.6418477428612158
DEA,ParEGO,6,60,0.6594559477633112
DEA,ParEGO,6,70,0.6763231149593977
DEA,ParEGO,6,80,0.6847070939981412
DEA,ParEGO,6,90,0.6916630751656171
DEA,ParEGO,6,100,0.6978954005207948
DEA,ParEGO,6,110,0.7030726085081459
DEA,ParEGO,6,120,0.7150172105520205
DEA,ParEGO,7,20,0.5527698897259448
DEA,ParEGO,7,30,0.5937101820057975
DEA,ParEGO,7,40,0.6202705126816433
DEA,ParEGO,7,50,0.6356433127128768
DEA,ParEGO,7,60,0.6629948868715916
DEA,ParEGO,7,70,0.6743233925795957
DEA,ParEGO,7,80,0.6828683209901272
DEA,ParEGO,7,90,0.6931248604499752
DEA,ParEGO,7,100,0.6957777196376655
DEA,ParEGO,7,110,0.7094912701121889
DEA,ParEGO,7,120,0.7098825572936057
DEA,ParEGO,8,20,0.5542567592312925
DEA,ParEGO,8,30,0.6066279522489808
DEA,ParEGO,8,40,0.6267519489596658
DEA,ParEGO,8,50,0.6648265222335176
DEA,ParEGO,8,60,0.6814473395400712
DEA,ParEGO,8,70,0.7078504463096327
DEA,ParEGO,8,80,0.7078504463096327
DEA,ParEGO,8,90,0.7185777083534849
DEA,ParEGO,8,100,0.7312591524743567
DEA,ParEGO,8,110,0.737300369557089
DEA,ParEGO,8,120,0.741488204387969
DEA,ParEGO,9,20,0.550853954982222
DEA,ParEGO,9,30,0.5772794899799047
DEA,ParEGO,9,40,0.6154143163802391
DEA,ParEGO,9,50,0.6375936238355485
DEA,ParEGO,9,60,0.6476473085697521
DEA,ParEGO,9,70,0.6585896535901233
DEA,ParEGO,9,80,0.6816041021589057
DEA,ParEGO,9,90,0.687115477904466
DEA,ParEGO,9,100,0.6901413087419156
DEA,ParEGO,9,110,0.7075755840169148
DEA,ParEGO,9,120,0.7083409677413093
DEA,ParEGO,10,20,0.5573708177608742
DEA,ParEGO,10,30,0.6096613877928738
DEA,ParEGO,10,40,0.6355550940612228
DEA,ParEGO,10,50,0.6628209171677376
DEA,ParEGO,10,60,0.6850218107608187
DEA,ParEGO,10,70,0.7005960577431052
DEA,ParEGO,10,80,0.7022446393446395
DEA,ParEGO,10,90,0.7064019951341561
DEA,ParEGO,10,100,0.7116654486153665
DEA,ParEGO,10,110,0.7233515007977152
DEA,ParEGO,10,120,0.7233515007977152
DEA,ParEGO,11,20,0.5504569214582535
DEA,ParEGO,11,30,0.5894839583780354
DEA,ParEGO,11,40,0.6288374194493279
DEA,ParEGO,11,50,0.6380248932255055
DEA,ParEGO,11,60,0.6587711730839071
DEA,ParEGO,11,70,0.6684401782016176
DEA,ParEGO,11,80,0.6909382166999558
DEA,ParEGO,11,90,0.6986382077310337
DEA,ParEGO,11,100,0.7016291247098507
DEA,ParEGO,11,110,0.7016291247098507
DEA,ParEGO,11,120,0.7156216487782934
DEA,ParEGO,12,20,0.5577585116735101
DEA,ParEGO,12,30,0.5915264866044704
DEA,ParEGO,12,40,0.6319904255466787
DEA,ParEGO,12,50,0.6528587617623925
DEA,ParEGO,12,60,0.6698126041496018
DEA,ParEGO,12,70,0.6880706284545108
DEA,ParEGO,12,80,0.6880706284545108
DEA,ParEGO,12,90,0.7054712884708643
DEA,ParEGO,12,100,0.7064633372613124
DEA,ParEGO,12,110,0.7209706689695038
DEA,ParEGO,12,120,0.7256312706930058
DEA,ParEGO,13,20,0.5484017427704639
DEA,ParEGO,13,30,0.5898871057885662
DEA,ParEGO,13,40,0.6188249294807956
DEA,ParEGO,13,50,0.6420952158185385
DEA,ParEGO,13,60,0.6532148884896093
DEA,ParEGO,13,70,0.68652284747335
DEA,ParEGO,13,80,0.6873980268375403
DEA,ParEGO,13,90,0.6971911363896324
DEA,ParEGO,13,100,0.7044042085487168
DEA,ParEGO,13,110,0.7154974149052903
DEA,ParEGO,13,120,0.7193181999059028
DEA,ParEGO,14,20,0.5533260062432089
DEA,ParEGO,14,30,0.5889961561970908
DEA,ParEGO,14,40,0.6179406799141676
DEA,ParEGO,14,50,0.644766264732965
DEA,ParEGO,14,60,0.6633499610563424
DEA,ParEGO,14,70,0.6766186066386224
DEA,ParEGO,14,80,0.6981130736291923
DEA,ParEGO,14,90,0.7041607143348058
DEA,ParEGO,14,100,0.7111719352661587
DEA,ParEGO,14,110,0.7191392734476066
DEA,ParEGO,14,120,0.7234849663704671
DEA,ParEGO,15,20,0.5453322630944419
DEA,ParEGO,15,30,0.5806387272417073
DEA,ParEGO,15,40,0.615051095170872
DEA,ParEGO,15,50,0.6461621839402394
DEA,ParEGO,15,60,0.6515829904442727
DEA,ParEGO,15,70,0.6777371787113463
DEA,ParEGO,15,80,0.6828242923504586
DEA,ParEGO,15,90,0.6974166046080713
DEA,ParEGO,15,100,0.7099035364590791
DEA,ParEGO,15,110,0.7099035364590791
DEA,ParEGO,15,120,0.7099035364590791
DEA,GP-BO,1,20,0.5743777193270782
DEA,GP-BO,1,30,0.6138645988183559
DEA,GP-BO,1,40,0.6526522260615543
DEA,GP-BO,1,50,0.6853004555273604
DEA,GP-BO,1,60,0.692629389134388
DEA,GP-BO,1,70,0.7136182218184017
DEA,GP-BO,1,80,0.7230075072032532
DEA,GP-BO,1,90,0.7345629507247001
DEA,GP-BO,1,100,0.7385405694489585
DEA,GP-BO,1,110,0.7424632252021246
DEA,GP-BO,1,120,0.7424632252021246
DEA,GP-BO,2,20,0.5606316957793758
DEA,GP-BO,2,30,0.6086799511583268
DEA,GP-BO,2,40,0.6408921528276773
DEA,GP-BO,2,50,0.6522342202049607
DEA,GP-BO,2,60,0.6754370088991749
DEA,GP-BO,2,70,0.6925484861643602
DEA,GP-BO,2,80,0.7038236624657188
DEA,GP-BO,2,90,0.7109242647586458
DEA,GP-BO,2,100,0.7241724462892605
DEA,GP-BO,2,110,0.7241724462892605
DEA,GP-BO,2,120,0.7250283767408662
DEA,GP-BO,3,20,0.5611332492371361
DEA,GP-BO,3,30,0.6009115740218264
DEA,GP-BO,3,40,0.6411542092256605
DEA,GP-BO,3,50,0.6659984820820134
DEA,GP-BO,3,60,0.6809339856056058
DEA,GP-BO,3,70,0.6864100654263899
DEA,GP-BO,3,80,0.6997125550237049
DEA,GP-BO,3,90,0.7106785401723389
DEA,GP-BO,3,100,0.7183363950437508
DEA,GP-BO,3,110,0.7245304428289441
DEA,GP-BO,3,120,0.7245304428289441
DEA,GP-BO,4,20,0.5472946714050224
DEA,GP-BO,4,30,0.6016476904220504
DEA,GP-BO,4,40,0.6387932346619805
DEA,GP-BO,4,50,0.6712692943121417
DEA,GP-BO,4,60,0.6850020239380534
DEA,GP-BO,4,70,0.7007591561942639
DEA,GP-BO,4,80,0.7013502482768266
DEA,GP-BO,4,90,0.7268268617224977
DEA,GP-BO,4,100,0.7268268617224977
DEA,GP-BO,4,110,0.7306200480951361
DEA,GP-BO,4,120,0.7354298274001618
DEA,GP-BO,5,20,0.5419090164557961
DEA,GP-BO,5,30,0.5926163630143113
DEA,GP-BO,5,40,0.6264335548017564
DEA,GP-BO,5,50,0.6464020644979765
DEA,GP-BO,5,60,0.6633453998905279
DEA,GP-BO,5,70,0.6824938512286458
DEA,GP-BO,5,80,0.6913681587963985
DEA,GP-BO,5,90,0.6985933670692004
DEA,GP-BO,5,100,0.704744826788079
DEA,GP-BO,5,110,0.7184123211864174
DEA,GP-BO,5,120,0.7203144121415744
DEA,GP-BO,6,20,0.5568514752449204
DEA,GP-BO,6,30,0.6038747473096368
DEA,GP-BO,6,40,0.631386367746072
DEA,GP-BO,6,50,0.6538232779603989
DEA,GP-BO,6,60,0.6863209817127728
DEA,GP-BO,6,70,0.6902684258707569
DEA,GP-BO,6,80,0.7126485260856728
DEA,GP-BO,6,90,0.7236433996707412
DEA,GP-BO,6,100,0.7282090984742966
DEA,GP-BO,6,110,0.7300567828727684
DEA,GP-BO,6,120,0.7300567828727684
DEA,GP-BO,7,20,0.5630685963521732
DEA,GP-BO,7,30,0.6037936355133956
DEA,GP-BO,7,40,0.6371508276954113
DEA,GP-BO,7,50,0.6569475661258095
DEA,GP-BO,7,60,0.6777190000757758
DEA,GP-BO,7,70,0.6929392822444336
DEA,GP-BO,7,80,0.7000192690477347
DEA,GP-BO,7,90,0.7149316708298604
DEA,GP-BO,7,100,0.7149316708298604
DEA,GP-BO,7,110,0.718509990700613
DEA,GP-BO,7,120,0.7277045675716463
DEA,GP-BO,8,20,0.5505392020100541
DEA,GP-BO,8,30,0.5970223930712812
DEA,GP-BO,8,40,0.6174935936672179
DEA,GP-BO,8,50,0.6468900251309098
DEA,GP-BO,8,60,0.670021506095301
DEA,GP-BO,8,70,0.6964878955985532
DEA,GP-BO,8,80,0.6993198094518404
DEA,GP-BO,8,90,0.7103422440797863
DEA,GP-BO,8,100,0.7139400152243494
DEA,GP-BO,8,110,0.7230139604734125
DEA,GP-BO,8,120,0.725644237585807
DEA,GP-BO,9,20,0.553957236864402
DEA,GP-BO,9,30,0.5947147661103663
DEA,GP-BO,9,40,0.624709651028706
DEA,GP-BO,9,50,0.6558469366433628
DEA,GP-BO,9,60,0.6651690910698126
DEA,GP-BO,9,70,0.6816984204455915
DEA,GP-BO,9,80,0.7018589426977009
DEA,GP-BO,9,90,0.7018589426977009
DEA,GP-BO,9,100,0.7162767278514589
DEA,GP-BO,9,110,0.7246738967714053
DEA,GP-BO,9,120,0.7246738967714053
DEA,GP-BO,10,20,0.55832580811815
DEA,GP-BO,10,30,0.5976564930721624
DEA,GP-BO,10,40,0.6430385704382243
DEA,GP-BO,10,50,0.657955233775859
DEA,GP-BO,10,60,0.6852178921675868
DEA,GP-BO,10,70,0.7038898511421723
DEA,GP-BO,10,80,0.7122962192943255
DEA,GP-BO,10,90,0.7182176609592567
DEA,GP-BO,10,100,0.731545228219222
DEA,GP-BO,10,110,0.7367120543542145
DEA,GP-BO,10,120,0.7401977910907318
DEA,GP-BO,11,20,0.5562459311713376
DEA,GP-BO,11,30,0.5937686778622542
DEA,GP-BO,11,40,0.625467829709555
DEA,GP-BO,11,50,0.6476023260016466
DEA,GP-BO,11,60,0.6708367168819169
DEA,GP-BO,11,70,0.6778561390158425
DEA,GP-BO,11,80,0.6951558682065618
DEA,GP-BO,11,90,0.700341427312463
DEA,GP-BO,11,100,0.7176589661571076
DEA,GP-BO,11,110,0.7176589661571076
DEA,GP-BO,11,120,0.7176589661571076
DEA,GP-BO,12,20,0.5475074452020938
DEA,GP-BO,12,30,0.6040208789559453
DEA,GP-BO,12,40,0.6296051349584092
DEA,GP-BO,12,50,0.6611152488602964
DEA,GP-BO,12,60,0.6677986765678937
DEA,GP-BO,12,70,0.6867744082648317
DEA,GP-BO,12,80,0.6993457899039567
DEA,GP-BO,12,90,0.6993457899039567
DEA,GP-BO,12,100,0.7184108440794496
DEA,GP-BO,12,110,0.7184108440794496
DEA,GP-BO,12,120,0.721279343622029
DEA,GP-BO,13,20,0.5533176630141925
DEA,GP-BO,13,30,0.5848474519664598
DEA,GP-BO,13,40,0.615272167009005
DEA,GP-BO,13,50,0.6449722844192333
DEA,GP-BO,13,60,0.6674857081403073
DEA,GP-BO,13,70,0.685265758920708
DEA,GP-BO,13,80,0.6879114936088048
DEA,GP-BO,13,90,0.7016597874140874
DEA,GP-BO,13,100,0.7016597874140874
DEA,GP-BO,13,110,0.7078951741685751
DEA,GP-BO,13,120,0.7148719115491742
DEA,GP-BO,14,20,0.5609388827580631
DEA,GP-BO,14,30,0.5972895038342113
DEA,GP-BO,14,40,0.6317497776702083
DEA,GP-BO,14,50,0.6415961802160078
DEA,GP-BO,14,60,0.6723378299778925
DEA,GP-BO,14,70,0.6956530448501099
DEA,GP-BO,14,80,0.6966540773080184
DEA,GP-BO,14,90,0.6992560003864465
DEA,GP-BO,14,100,0.7082110843522089
DEA,GP-BO,14,110,0.7154164355081939
DEA,GP-BO,14,120,0.718584605232515
DEA,GP-BO,15,20,0.5551601245865768
DEA,GP-BO,15,30,0.6099632277599172
DEA,GP-BO,15,40,0.6368056138930989
DEA,GP-BO,15,50,0.657450740128596
DEA,GP-BO,15,60,0.677025062325185
DEA,GP-BO,15,70,0.693938045780087
DEA,GP-BO,15,80,0.6997228058827273
DEA,GP-BO,15,90,0.7166734732655153
DEA,GP-BO,15,100,0.7166734732655153
DEA,GP-BO,15,110,0.7166734732655153
DEA,GP-BO,15,120,0.7241768629754909
DEA,Physics-free,1,20,0.563760433864373
DEA,Physics-free,1,30,0.6107452014636421
DEA,Physics-free,1,40,0.6489708409563943
DEA,Physics-free,1,50,0.6774307862964077
DEA,Physics-free,1,60,0.6954610411632839
DEA,Physics-free,1,70,0.7208325800908806
DEA,Physics-free,1,80,0.7312886784394453
DEA,Physics-free,1,90,0.7365418953717885
DEA,Physics-free,1,100,0.7436438981426436
DEA,Physics-free,1,110,0.75559920229601
DEA,Physics-free,1,120,0.7632609310337966
DEA,Physics-free,2,20,0.5686867939181498
DEA,Physics-free,2,30,0.6190578665696594
DEA,Physics-free,2,40,0.658726408865532
DEA,Physics-free,2,50,0.6831182493497727
DEA,Physics-free,2,60,0.7136410804038187
DEA,Physics-free,2,70,0.7271678938869173
DEA,Physics-free,2,80,0.7340417265264431
DEA,Physics-free,2,90,0.7476948104419215
DEA,Physics-free,2,100,0.7593384026839407
DEA,Physics-free,2,110,0.7607940563598576
DEA,Physics-free,2,120,0.7607940563598576
DEA,Physics-free,3,20,0.5693091947042989
DEA,Physics-free,3,30,0.6329960079463844
DEA,Physics-free,3,40,0.6642225597983461
DEA,Physics-free,3,50,0.6966860266623156
DEA,Physics-free,3,60,0.7225137632770045
DEA,Physics-free,3,70,0.73925509589337
DEA,Physics-free,3,80,0.749819417113248
DEA,Physics-free,3,90,0.7635123227832891
DEA,Physics-free,3,100,0.7654718082697475
DEA,Physics-free,3,110,0.7718232563133511
DEA,Physics-free,3,120,0.7718232563133511
DEA,Physics-free,4,20,0.5604259239963931
DEA,Physics-free,4,30,0.6089156348212906
DEA,Physics-free,4,40,0.658660906703427
DEA,Physics-free,4,50,0.6756241780995248
DEA,Physics-free,4,60,0.7064975219303349
DEA,Physics-free,4,70,0.7238160483324069
DEA,Physics-free,4,80,0.7330021936652921
DEA,Physics-free,4,90,0.7471125022447807
DEA,Physics-free,4,100,0.7498761117874726
DEA,Physics-free,4,110,0.7699810323165783
DEA,Physics-free,4,120,0.7699810323165783
DEA,Physics-free,5,20,0.5726599994282375
DEA,Physics-free,5,30,0.6265289221752971
DEA,Physics-free,5,40,0.6608548528562588
DEA,Physics-free,5,50,0.7111604696003038
DEA,Physics-free,5,60,0.7197793756839953
DEA,Physics-free,5,70,0.7335040997402358
DEA,Physics-free,5,80,0.7377887446630043
DEA,Physics-free,5,90,0.7573159562260091
DEA,Physics-free,5,100,0.7573159562260091
DEA,Physics-free,5,110,0.7680080695369125
DEA,Physics-free,5,120,0.7689534200266098
DEA,Physics-free,6,20,0.5687465856281163
DEA,Physics-free,6,30,0.6236597726942081
DEA,Physics-free,6,40,0.6584891127312726
DEA,Physics-free,6,50,0.6829406298001024
DEA,Physics-free,6,60,0.7043194442073576
DEA,Physics-free,6,70,0.7223337713302386
DEA,Physics-free,6,80,0.7334866727016774
DEA,Physics-free,6,90,0.7373418689678979
DEA,Physics-free,6,100,0.7547664633563447
DEA,Physics-free,6,110,0.7547664633563447
DEA,Physics-free,6,120,0.7651177482005174
DEA,Physics-free,7,20,0.5691465682329385
DEA,Physics-free,7,30,0.633111948504725
DEA,Physics-free,7,40,0.6630087525904675
DEA,Physics-free,7,50,0.688767634880178
DEA,Physics-free,7,60,0.7095068980715207
DEA,Physics-free,7,70,0.7310977608238096
DEA,Physics-free,7,80,0.7398310830633288
DEA,Physics-free,7,90,0.7479557979915087
DEA,Physics-free,7,100,0.7492737418407718
DEA,Physics-free,7,110,0.7606248999823632
DEA,Physics-free,7,120,0.7606248999823632
DEA,Physics-free,8,20,0.5690708830906439
DEA,Physics-free,8,30,0.6272063299313252
DEA,Physics-free,8,40,0.6724906654632223
DEA,Physics-free,8,50,0.6946849508835495
DEA,Physics-free,8,60,0.72180927934142
DEA,Physics-free,8,70,0.7300176269177339
DEA,Physics-free,8,80,0.7336430966088766
DEA,Physics-free,8,90,0.7551379203189941
DEA,Physics-free,8,100,0.7551379203189941
DEA,Physics-free,8,110,0.7681253741923376
DEA,Physics-free,8,120,0.7681253741923376
DEA,Physics-free,9,20,0.5706204154912261
DEA,Physics-free,9,30,0.6263588893783815
DEA,Physics-free,9,40,0.6662650146740982
DEA,Physics-free,9,50,0.6864832434838258
DEA,Physics-free,9,60,0.7168805165894567
DEA,Physics-free,9,70,0.7330798312756137
DEA,Physics-free,9,80,0.7385123269388567
DEA,Physics-free,9,90,0.7520383554971823
DEA,Physics-free,9,100,0.7618973846891416
DEA,Physics-free,9,110,0.7618973846891416
DEA,Physics-free,9,120,0.7717224424427401
DEA,Physics-free,10,20,0.5635116547518948
DEA,Physics-free,10,30,0.6114817368367005
DEA,Physics-free,10,40,0.6450164108446986
DEA,Physics-free,10,50,0.6825745025632954
DEA,Physics-free,10,60,0.6979980604056244
DEA,Physics-free,10,70,0.7172768577497585
DEA,Physics-free,10,80,0.7172768577497585
DEA,Physics-free,10,90,0.7326027970472228
DEA,Physics-free,10,100,0.7410296585898634
DEA,Physics-free,10,110,0.7410296585898634
DEA,Physics-free,10,120,0.7420638922149377
DEA,Physics-free,11,20,0.5627323856684092
DEA,Physics-free,11,30,0.6157274227444367
DEA,Physics-free,11,40,0.6451712969961819
DEA,Physics-free,11,50,0.6720606622409278
DEA,Physics-free,11,60,0.6968781576177896
DEA,Physics-free,11,70,0.7111957968324534
DEA,Physics-free,11,80,0.7111957968324534
DEA,Physics-free,11,90,0.7342750160438622
DEA,Physics-free,11,100,0.7412163741951524
DEA,Physics-free,11,110,0.7468597265798527
DEA,Physics-free,11,120,0.7468597265798527
DEA,Physics-free,12,20,0.5663923650140611
DEA,Physics-free,12,30,0.6249801902484217
DEA,Physics-free,12,40,0.667172035936759
DEA,Physics-free,12,50,0.6931450474841616
DEA,Physics-free,12,60,0.7179865171296783
DEA,Physics-free,12,70,0.7320478725982984
DEA,Physics-free,12,80,0.7402500484816988
DEA,Physics-free,12,90,0.7490978268544954
DEA,Physics-free,12,100,0.7655780247870051
DEA,Physics-free,12,110,0.7655780247870051
DEA,Physics-free,12,120,0.7655780247870051
DEA,Physics-free,13,20,0.5694004611436376
DEA,Physics-free,13,30,0.6215829552520258
DEA,Physics-free,13,40,0.6630852739065487
DEA,Physics-free,13,50,0.6946083675065079
DEA,Physics-free,13,60,0.7147172208222351
DEA,Physics-free,13,70,0.738631915588599
DEA,Physics-free,13,80,0.7429578673009564
DEA,Physics-free,13,90,0.7597162057011214
DEA,Physics-free,13,100,0.7728532286054918
DEA,Physics-free,13,110,0.7728532286054918
DEA,Physics-free,13,120,0.7728532286054918
DEA,Physics-free,14,20,0.5690439347974262
DEA,Physics-free,14,30,0.6360877785977131
DEA,Physics-free,14,40,0.6808418919403645
DEA,Physics-free,14,50,0.7054311034679981
DEA,Physics-free,14,60,0.7345348011010351
DEA,Physics-free,14,70,0.7473734206376405
DEA,Physics-free,14,80,0.7657311351395767
DEA,Physics-free,14,90,0.7723265389563622
DEA,Physics-free,14,100,0.7815866977054675
DEA,Physics-free,14,110,0.7815866977054675
DEA,Physics-free,14,120,0.7874676297582619
DEA,Physics-free,15,20,0.5615733958373518
DEA,Physics-free,15,30,0.6083442773335079
DEA,Physics-free,15,40,0.6496200334225439
DEA,Physics-free,15,50,0.6807705948614313
DEA,Physics-free,15,60,0.7057298307800062
DEA,Physics-free,15,70,0.7252439980775225
DEA,Physics-free,15,80,0.7281028646353855
DEA,Physics-free,15,90,0.7354020193670089
DEA,Physics-free,15,100,0.7486231142409786
DEA,Physics-free,15,110,0.7585970898094242
DEA,Physics-free,15,120,0.7621790261161537
DEA,MF-SAEA,1,20,0.6012254208901693
DEA,MF-SAEA,1,30,0.6681928607956787
DEA,MF-SAEA,1,40,0.7144591305687413
DEA,MF-SAEA,1,50,0.7446372207998448
DEA,MF-SAEA,1,60,0.7654645772603257
DEA,MF-SAEA,1,70,0.7883249042655754
DEA,MF-SAEA,1,80,0.7929948352376534
DEA,MF-SAEA,1,90,0.7967893173782047
DEA,MF-SAEA,1,100,0.8017835644677258
DEA,MF-SAEA,1,110,0.8033349324880142
DEA,MF-SAEA,1,120,0.8077216685668521
DEA,MF-SAEA,2,20,0.5798018956983254
DEA,MF-SAEA,2,30,0.6617359694050184
DEA,MF-SAEA,2,40,0.7038260503917727
DEA,MF-SAEA,2,50,0.7306837037933905
DEA,MF-SAEA,2,60,0.7587827892338419
DEA,MF-SAEA,2,70,0.7744098527701151
DEA,MF-SAEA,2,80,0.787663200077877
DEA,MF-SAEA,2,90,0.787663200077877
DEA,MF-SAEA,2,100,0.7921331170644917
DEA,MF-SAEA,2,110,0.7992133537307995
DEA,MF-SAEA,2,120,0.8051897634815998
DEA,MF-SAEA,3,20,0.5936798267755419
DEA,MF-SAEA,3,30,0.6505295544486611
DEA,MF-SAEA,3,40,0.7109957239945487
DEA,MF-SAEA,3,50,0.7356380507930503
DEA,MF-SAEA,3,60,0.7541877782404153
DEA,MF-SAEA,3,70,0.7696340593946233
DEA,MF-SAEA,3,80,0.7868530603656108
DEA,MF-SAEA,3,90,0.7901395907997584
DEA,MF-SAEA,3,100,0.7918185322779202
DEA,MF-SAEA,3,110,0.7918185322779202
DEA,MF-SAEA,3,120,0.7918185322779202
DEA,MF-SAEA,4,20,0.581023325554009
DEA,MF-SAEA,4,30,0.6391597212579819
DEA,MF-SAEA,4,40,0.6940322667515885
DEA,MF-SAEA,4,50,0.7169427752481895
DEA,MF-SAEA,4,60,0.7375640658889626
DEA,MF-SAEA,4,70,0.7552197932508457
DEA,MF-SAEA,4,80,0.7628288535246588
DEA,MF-SAEA,4,90,0.7768349015935768
DEA,MF-SAEA,4,100,0.7786673864643414
DEA,MF-SAEA,4,110,0.786605321662039
DEA,MF-SAEA,4,120,0.786605321662039
DEA,MF-SAEA,5,20,0.5791683462348486
DEA,MF-SAEA,5,30,0.6401794079007171
DEA,MF-SAEA,5,40,0.680595735982665
DEA,MF-SAEA,5,50,0.7218605328110815
DEA,MF-SAEA,5,60,0.7462071837225915
DEA,MF-SAEA,5,70,0.7634775390672707
DEA,MF-SAEA,5,80,0.769803855609788
DEA,MF-SAEA,5,90,0.7745138378731647
DEA,MF-SAEA,5,100,0.7799813416956163
DEA,MF-SAEA,5,110,0.7799813416956163
DEA,MF-SAEA,5,120,0.7999358735285745
DEA,MF-SAEA,6,20,0.5911864421250607
DEA,MF-SAEA,6,30,0.6501738150064359
DEA,MF-SAEA,6,40,0.695377141454453
DEA,MF-SAEA,6,50,0.7210478681204113
DEA,MF-SAEA,6,60,0.7518635295539116
DEA,MF-SAEA,6,70,0.7721473831672845
DEA,MF-SAEA,6,80,0.7805961136477436
DEA,MF-SAEA,6,90,0.7848073886128404
DEA,MF-SAEA,6,100,0.7948980885673774
DEA,MF-SAEA,6,110,0.8042613288396221
DEA,MF-SAEA,6,120,0.8042613288396221
DEA,MF-SAEA,7,20,0.5937932730465005
DEA,MF-SAEA,7,30,0.6621767784223901
DEA,MF-SAEA,7,40,0.6984165463475894
DEA,MF-SAEA,7,50,0.7337371933264147
DEA,MF-SAEA,7,60,0.7519419967028975
DEA,MF-SAEA,7,70,0.7691508614472194
DEA,MF-SAEA,7,80,0.7905000415106006
DEA,MF-SAEA,7,90,0.7937704214544233
DEA,MF-SAEA,7,100,0.7937704214544233
DEA,MF-SAEA,7,110,0.7989674292771849
DEA,MF-SAEA,7,120,0.7989674292771849
DEA,MF-SAEA,8,20,0.5667854392580102
DEA,MF-SAEA,8,30,0.638691128717247
DEA,MF-SAEA,8,40,0.6845593746087745
DEA,MF-SAEA,8,50,0.7030760670459136
DEA,MF-SAEA,8,60,0.7339064440379722
DEA,MF-SAEA,8,70,0.7593865729132356
DEA,MF-SAEA,8,80,0.7701548816365296
DEA,MF-SAEA,8,90,0.7808684854045129
DEA,MF-SAEA,8,100,0.7819990963435643
DEA,MF-SAEA,8,110,0.7839020217308221
DEA,MF-SAEA,8,120,0.7938258428734672
DEA,MF-SAEA,9,20,0.5780817975869941
DEA,MF-SAEA,9,30,0.6331493571361301
DEA,MF-SAEA,9,40,0.6753205392714091
DEA,MF-SAEA,9,50,0.6932229223290705
DEA,MF-SAEA,9,60,0.7258805319098104
DEA,MF-SAEA,9,70,0.7403239283381053
DEA,MF-SAEA,9,80,0.7580870058546267
DEA,MF-SAEA,9,90,0.7580870058546267
DEA,MF-SAEA,9,100,0.7651846875580625
DEA,MF-SAEA,9,110,0.7760925856283396
DEA,MF-SAEA,9,120,0.7760925856283396
DEA,MF-SAEA,10,20,0.5941476674221746
DEA,MF-SAEA,10,30,0.6691473992094812
DEA,MF-SAEA,10,40,0.7126495922660437
DEA,MF-SAEA,10,50,0.7485164921069645
DEA,MF-SAEA,10,60,0.7667275690455034
DEA,MF-SAEA,10,70,0.7878857627759112
DEA,MF-SAEA,10,80,0.7906348486781494
DEA,MF-SAEA,10,90,0.7953579894348951
DEA,MF-SAEA,10,100,0.8046874730799896
DEA,MF-SAEA,10,110,0.8067461183668035
DEA,MF-SAEA,10,120,0.8182781306591097
DEA,MF-SAEA,11,20,0.585667761093681
DEA,MF-SAEA,11,30,0.6584132845036502
DEA,MF-SAEA,11,40,0.6986774030685065
DEA,MF-SAEA,11,50,0.7311533625122701
DEA,MF-SAEA,11,60,0.7464265545238782
DEA,MF-SAEA,11,70,0.765860295721683
DEA,MF-SAEA,11,80,0.7779224382773818
DEA,MF-SAEA,11,90,0.7908828207273376
DEA,MF-SAEA,11,100,0.7929484799795679
DEA,MF-SAEA,11,110,0.798268108277714
DEA,MF-SAEA,11,120,0.798268108277714
DEA,MF-SAEA,12,20,0.5793375544836481
DEA,MF-SAEA,12,30,0.6447399403454718
DEA,MF-SAEA,12,40,0.6845054419234603
DEA,MF-SAEA,12,50,0.7195849426204387
DEA,MF-SAEA,12,60,0.7281467918028733
DEA,MF-SAEA,12,70,0.7440788546217927
DEA,MF-SAEA,12,80,0.767977035611294
DEA,MF-SAEA,12,90,0.7709890025795221
DEA,MF-SAEA,12,100,0.7709890025795221
DEA,MF-SAEA,12,110,0.7767905410524949
DEA,MF-SAEA,12,120,0.7776812687318628
DEA,MF-SAEA,13,20,0.5816673416294108
DEA,MF-SAEA,13,30,0.6379407610249092
DEA,MF-SAEA,13,40,0.679962831438431
DEA,MF-SAEA,13,50,0.7229901394083055
DEA,MF-SAEA,13,60,0.7444458309176204
DEA,MF-SAEA,13,70,0.7560661840207794
DEA,MF-SAEA,13,80,0.77517228207013
DEA,MF-SAEA,13,90,0.7766819237598553
DEA,MF-SAEA,13,100,0.7904502473513187
DEA,MF-SAEA,13,110,0.7904502473513187
DEA,MF-SAEA,13,120,0.7934484613611911
DEA,MF-SAEA,14,20,0.5772539857876803
DEA,MF-SAEA,14,30,0.64099222099468
DEA,MF-SAEA,14,40,0.6911680212132753
DEA,MF-SAEA,14,50,0.7311228625170771
DEA,MF-SAEA,14,60,0.7465733258217361
DEA,MF-SAEA,14,70,0.7604478635283693
DEA,MF-SAEA,14,80,0.7713183465862206
DEA,MF-SAEA,14,90,0.7773741861038956
DEA,MF-SAEA,14,100,0.7833551142406822
DEA,MF-SAEA,14,110,0.7881455495360166
DEA,MF-SAEA,14,120,0.7913127919654278
DEA,MF-SAEA,15,20,0.5768378796167172
DEA,MF-SAEA,15,30,0.6404764538280424
DEA,MF-SAEA,15,40,0.6807195955699272
DEA,MF-SAEA,15,50,0.7234447870401043
DEA,MF-SAEA,15,60,0.7401518259045263
DEA,MF-SAEA,15,70,0.7607505338548216
DEA,MF-SAEA,15,80,0.7689016692295035
DEA,MF-SAEA,15,90,0.7689016692295035
DEA,MF-SAEA,15,100,0.7777686890338413
DEA,MF-SAEA,15,110,0.7810629896314343
DEA,MF-SAEA,15,120,0.789695823004018
DEA,Proposed,1,20,0.6266082878666205
DEA,Proposed,1,30,0.7074803955854629
DEA,Proposed,1,40,0.7704921235220602
DEA,Proposed,1,50,0.8080976336392957
DEA,Proposed,1,60,0.8220934918593121
DEA,Proposed,1,70,0.8387514873524672
DEA,Proposed,1,80,0.8441006673778794
DEA,Proposed,1,90,0.8515858958630306
DEA,Proposed,1,100,0.8605545948285542
DEA,Proposed,1,110,0.8624729046606504
DEA,Proposed,1,120,0.8624729046606504
DEA,Proposed,2,20,0.6308342752430908
DEA,Proposed,2,30,0.7194776209293123
DEA,Proposed,2,40,0.7874287849778362
DEA,Proposed,2,50,0.8201952969495359
DEA,Proposed,2,60,0.8376241081764603
DEA,Proposed,2,70,0.8538270820683423
DEA,Proposed,2,80,0.8669398859942364
DEA,Proposed,2,90,0.8705638410670129
DEA,Proposed,2,100,0.8734997950745655
DEA,Proposed,2,110,0.8810902908873844
DEA,Proposed,2,120,0.8842781608736816
DEA,Proposed,3,20,0.627406388813936
DEA,Proposed,3,30,0.7204183942524847
DEA,Proposed,3,40,0.7830552776945986
DEA,Proposed,3,50,0.8152983881372257
DEA,Proposed,3,60,0.838020421910318
DEA,Proposed,3,70,0.856393786624204
DEA,Proposed,3,80,0.8610925431200787
DEA,Proposed,3,90,0.8610925431200787
DEA,Proposed,3,100,0.8670610047587499
DEA,Proposed,3,110,0.8690093551763521
DEA,Proposed,3,120,0.873680935090782
DEA,Proposed,4,20,0.6246471844353754
DEA,Proposed,4,30,0.714249981768023
DEA,Proposed,4,40,0.7724598848592722
DEA,Proposed,4,50,0.8089036388113368
DEA,Proposed,4,60,0.830409795624838
DEA,Proposed,4,70,0.8448109363705587
DEA,Proposed,4,80,0.8533206357871914
DEA,Proposed,4,90,0.8573483097506087
DEA,Proposed,4,100,0.8596242087876954
DEA,Proposed,4,110,0.8637478690194524
DEA,Proposed,4,120,0.8637478690194524
DEA,Proposed,5,20,0.6264127774569849
DEA,Proposed,5,30,0.7207871865255309
DEA,Proposed,5,40,0.7845609911214428
DEA,Proposed,5,50,0.8209156757966264
DEA,Proposed,5,60,0.8416255285598713
DEA,Proposed,5,70,0.8573578677124356
DEA,Proposed,5,80,0.8640766295109888
DEA,Proposed,5,90,0.8640766295109888
DEA,Proposed,5,100,0.8743794029669566
DEA,Proposed,5,110,0.8743794029669566
DEA,Proposed,5,120,0.8743794029669566
DEA,Proposed,6,20,0.6295069827981471
DEA,Proposed,6,30,0.7271450744965583
DEA,Proposed,6,40,0.7796440125861158
DEA,Proposed,6,50,0.8167584421118667
DEA,Proposed,6,60,0.8322982539565553
DEA,Proposed,6,70,0.8459822485349123
DEA,Proposed,6,80,0.8608678162826756
DEA,Proposed,6,90,0.8619448540651955
DEA,Proposed,6,100,0.8700825629295986
DEA,Proposed,6,110,0.8700825629295986
DEA,Proposed,6,120,0.8700825629295986
DEA,Proposed,7,20,0.6242751300884669
DEA,Proposed,7,30,0.7267575650339584
DEA,Proposed,7,40,0.7812763687718958
DEA,Proposed,7,50,0.8144070146942369
DEA,Proposed,7,60,0.8420099044760906
DEA,Proposed,7,70,0.8538744084739108
DEA,Proposed,7,80,0.8626928849030375
DEA,Proposed,7,90,0.8659456742146281
DEA,Proposed,7,100,0.8712660995092716
DEA,Proposed,7,110,0.8712660995092716
DEA,Proposed,7,120,0.8729853742356832
DEA,Proposed,8,20,0.6142497109312732
DEA,Proposed,8,30,0.7115804091784372
DEA,Proposed,8,40,0.7708144931327737
DEA,Proposed,8,50,0.7986307105434662
DEA,Proposed,8,60,0.8258812410492311
DEA,Proposed,8,70,0.8414825816742886
DEA,Proposed,8,80,0.8515478058135325
DEA,Proposed,8,90,0.8540641244471513
DEA,Proposed,8,100,0.8607570697909142
DEA,Proposed,8,110,0.8612560258674521
DEA,Proposed,8,120,0.8612560258674521
DEA,Proposed,9,20,0.6385594887642713
DEA,Proposed,9,30,0.736232037378019
DEA,Proposed,9,40,0.797266603929527
DEA,Proposed,9,50,0.8194641288392595
DEA,Proposed,9,60,0.8395527763609163
DEA,Proposed,9,70,0.8559393182307423
DEA,Proposed,9,80,0.8683929983146644
DEA,Proposed,9,90,0.8683929983146644
DEA,Proposed,9,100,0.8703940788306674
DEA,Proposed,9,110,0.8780509923546091
DEA,Proposed,9,120,0.8780509923546091
DEA,Proposed,10,20,0.6264132330075861
DEA,Proposed,10,30,0.7130083007388018
DEA,Proposed,10,40,0.7653428607626493
DEA,Proposed,10,50,0.8060096398589115
DEA,Proposed,10,60,0.8281048130350681
DEA,Proposed,10,70,0.8382542463531422
DEA,Proposed,10,80,0.8474272669151734
DEA,Proposed,10,90,0.8546017914452414
DEA,Proposed,10,100,0.8546017914452414
DEA,Proposed,10,110,0.8703507432208083
DEA,Proposed,10,120,0.8703507432208083
DEA,Proposed,11,20,0.6216008092548342
DEA,Proposed,11,30,0.7170289930687811
DEA,Proposed,11,40,0.7707764287272406
DEA,Proposed,11,50,0.8067171774287573
DEA,Proposed,11,60,0.8164723903313605
DEA,Proposed,11,70,0.8367293096725313
DEA,Proposed,11,80,0.8412012750673885
DEA,Proposed,11,90,0.8412012750673885
DEA,Proposed,11,100,0.8470666301669354
DEA,Proposed,11,110,0.8529706323337382
DEA,Proposed,11,120,0.8529706323337382
DEA,Proposed,12,20,0.6257217646815078
DEA,Proposed,12,30,0.7205051445697248
DEA,Proposed,12,40,0.780469934639401
DEA,Proposed,12,50,0.8264130222617975
DEA,Proposed,12,60,0.8418474900104155
DEA,Proposed,12,70,0.8507157316828282
DEA,Proposed,12,80,0.864374138969245
DEA,Proposed,12,90,0.8721942788458272
DEA,Proposed,12,100,0.8742883245257889
DEA,Proposed,12,110,0.8816730226527867
DEA,Proposed,12,120,0.8826942645078579
DEA,Proposed,13,20,0.6198027925842894
DEA,Proposed,13,30,0.7080529038914767
DEA,Proposed,13,40,0.7574167566892959
DEA,Proposed,13,50,0.797510105865335
DEA,Proposed,13,60,0.8315240497163351
DEA,Proposed,13,70,0.8450770557746322
DEA,Proposed,13,80,0.8599851778986191
DEA,Proposed,13,90,0.8625764644890894
DEA,Proposed,13,100,0.8672244397248248
DEA,Proposed,13,110,0.8672244397248248
DEA,Proposed,13,120,0.8677082929965209
DEA,Proposed,14,20,0.6265996337526117
DEA,Proposed,14,30,0.7139731544984359
DEA,Proposed,14,40,0.7808452090190031
DEA,Proposed,14,50,0.8138603255880204
DEA,Proposed,14,60,0.8379422674867641
DEA,Proposed,14,70,0.8549772186918536
DEA,Proposed,14,80,0.8624614718624938
DEA,Proposed,14,90,0.8624614718624938
DEA,Proposed,14,100,0.8624614718624938
DEA,Proposed,14,110,0.8697594632694788
DEA,Proposed,14,120,0.8697594632694788
DEA,Proposed,15,20,0.6188918678108508
DEA,Proposed,15,30,0.7090854737356247
DEA,Proposed,15,40,0.7692298659565747
DEA,Proposed,15,50,0.8033243229399902
DEA,Proposed,15,60,0.831857976889102
DEA,Proposed,15,70,0.8436635622835932
DEA,Proposed,15,80,0.859954653396602
DEA,Proposed,15,90,0.859954653396602
DEA,Proposed,15,100,0.875110831046192
DEA,Proposed,15,110,0.875110831046192
DEA,Proposed,15,120,0.8801866947306151
MRC,ParEGO,1,20,0.5590673170981787
MRC,ParEGO,1,30,0.5985370971469501
MRC,ParEGO,1,40,0.6222925298905617
MRC,ParEGO,1,50,0.6510531157527816
MRC,ParEGO,1,60,0.6699868638059222
MRC,ParEGO,1,70,0.682281649815849
MRC,ParEGO,1,80,0.6964712397627736
MRC,ParEGO,1,90,0.7034227316111157
MRC,ParEGO,1,100,0.705929750939156
MRC,ParEGO,1,110,0.7126789164276303
MRC,ParEGO,1,120,0.7153557769436611
MRC,ParEGO,2,20,0.5413166109054087
MRC,ParEGO,2,30,0.5781073879383364
MRC,ParEGO,2,40,0.5990092350086301
MRC,ParEGO,2,50,0.6308282782435601
MRC,ParEGO,2,60,0.6481655667662898
MRC,ParEGO,2,70,0.6577578828335316
MRC,ParEGO,2,80,0.6650019409725818
MRC,ParEGO,2,90,0.6757997443864078
MRC,ParEGO,2,100,0.6864415570178136
MRC,ParEGO,2,110,0.6871908061008227
MRC,ParEGO,2,120,0.6887842777354016
MRC,ParEGO,3,20,0.5437760750793236
MRC,ParEGO,3,30,0.5850644752285277
MRC,ParEGO,3,40,0.6126724719236131
MRC,ParEGO,3,50,0.635222868415878
MRC,ParEGO,3,60,0.6497669279929963
MRC,ParEGO,3,70,0.6729309863897196
MRC,ParEGO,3,80,0.674105493743958
MRC,ParEGO,3,90,0.6886468854176497
MRC,ParEGO,3,100,0.6943753247029215
MRC,ParEGO,3,110,0.7009068181911084
MRC,ParEGO,3,120,0.7034859494709639
MRC,ParEGO,4,20,0.5472906927925683
MRC,ParEGO,4,30,0.5920097388384248
MRC,ParEGO,4,40,0.6136778448711346
MRC,ParEGO,4,50,0.6429294629137502
MRC,ParEGO,4,60,0.6579564125780797
MRC,ParEGO,4,70,0.6756012971072667
MRC,ParEGO,4,80,0.6807919790114073
MRC,ParEGO,4,90,0.6992063453616779
MRC,ParEGO,4,100,0.6992063453616779
MRC,ParEGO,4,110,0.7002899896510528
MRC,ParEGO,4,120,0.7083302722368048
MRC,ParEGO,5,20,0.5523426070132829
MRC,ParEGO,5,30,0.5957203523241577
MRC,ParEGO,5,40,0.6274166120137779
MRC,ParEGO,5,50,0.6463296676998256
MRC,ParEGO,5,60,0.6643477039155595
MRC,ParEGO,5,70,0.6764428323658315
MRC,ParEGO,5,80,0.6859968538595327
MRC,ParEGO,5,90,0.697002439837036
MRC,ParEGO,5,100,0.697002439837036
MRC,ParEGO,5,110,0.7023918789823836
MRC,ParEGO,5,120,0.7075941133791331
MRC,ParEGO,6,20,0.5405177928662609
MRC,ParEGO,6,30,0.5830935139542851
MRC,ParEGO,6,40,0.5981685108753336
MRC,ParEGO,6,50,0.6279877876532234
MRC,ParEGO,6,60,0.6448175151477578
MRC,ParEGO,6,70,0.6647661181092644
MRC,ParEGO,6,80,0.678251175723536
MRC,ParEGO,6,90,0.6894047282801484
MRC,ParEGO,6,100,0.6894047282801484
MRC,ParEGO,6,110,0.6967083974414271
MRC,ParEGO,6,120,0.7114540194338748
MRC,ParEGO,7,20,0.54647500749007
MRC,ParEGO,7,30,0.5742156161313643
MRC,ParEGO,7,40,0.6013176156179443
MRC,ParEGO,7,50,0.6348640105012268
MRC,ParEGO,7,60,0.6535124796382015
MRC,ParEGO,7,70,0.6638827960289849
MRC,ParEGO,7,80,0.6782103163907577
MRC,ParEGO,7,90,0.6796020693454702
MRC,ParEGO,7,100,0.6923859372431453
MRC,ParEGO,7,110,0.697483883102758
MRC,ParEGO,7,120,0.7054424945031535
MRC,ParEGO,8,20,0.5481652681058375
MRC,ParEGO,8,30,0.5828025630370548
MRC,ParEGO,8,40,0.6068471958329239
MRC,ParEGO,8,50,0.6288170508445952
MRC,ParEGO,8,60,0.6461441568641394
MRC,ParEGO,8,70,0.6549835112744989
MRC,ParEGO,8,80,0.6648393037517986
MRC,ParEGO,8,90,0.67174054257215
MRC,ParEGO,8,100,0.6782699517409665
MRC,ParEGO,8,110,0.6837703382010291
MRC,ParEGO,8,120,0.6879486081677076
MRC,ParEGO,9,20,0.5511995252829843
MRC,ParEGO,9,30,0.57763295085035
MRC,ParEGO,9,40,0.6160698143679745
MRC,ParEGO,9,50,0.6332171319020788
MRC,ParEGO,9,60,0.6568043651777647
MRC,ParEGO,9,70,0.6680596336300186
MRC,ParEGO,9,80,0.6813044701592966
MRC,ParEGO,9,90,0.6882756154858799
MRC,ParEGO,9,100,0.6979900682813862
MRC,ParEGO,9,110,0.6979900682813862
MRC,ParEGO,9,120,0.7053634439206828
MRC,ParEGO,10,20,0.5506047884782052
MRC,ParEGO,10,30,0.5787150944758851
MRC,ParEGO,10,40,0.6065959567588404
MRC,ParEGO,10,50,0.6264996388177673
MRC,ParEGO,10,60,0.6400435949134629
MRC,ParEGO,10,70,0.6708029824541413
MRC,ParEGO,10,80,0.6729173878156511
MRC,ParEGO,10,90,0.68042203455821
MRC,ParEGO,10,100,0.6855123833883116
MRC,ParEGO,10,110,0.6977239174813166
MRC,ParEGO,10,120,0.6977239174813166
MRC,ParEGO,11,20,0.5520563215164905
MRC,ParEGO,11,30,0.5827081325635253
MRC,ParEGO,11,40,0.6068048493246372
MRC,ParEGO,11,50,0.6289403142534364
MRC,ParEGO,11,60,0.6498538808515155
MRC,ParEGO,11,70,0.6633043201202892
MRC,ParEGO,11,80,0.674785958122566
MRC,ParEGO,11,90,0.6866571721864754
MRC,ParEGO,11,100,0.6897441309646553
MRC,ParEGO,11,110,0.6897441309646553
MRC,ParEGO,11,120,0.7011809972201296
MRC,ParEGO,12,20,0.5462283389061988
MRC,ParEGO,12,30,0.5824636835446535
MRC,ParEGO,12,40,0.6136504704353183
MRC,ParEGO,12,50,0.6278726787126756
MRC,ParEGO,12,60,0.6467829889456409
MRC,ParEGO,12,70,0.6611895671407024
MRC,ParEGO,12,80,0.6765509907867182
MRC,ParEGO,12,90,0.6891501193070975
MRC,ParEGO,12,100,0.6971704661475251
MRC,ParEGO,12,110,0.6979345702461607
MRC,ParEGO,12,120,0.6979345702461607
MRC,ParEGO,13,20,0.5513114692485689
MRC,ParEGO,13,30,0.5853588795768075
MRC,ParEGO,13,40,0.6281117885223173
MRC,ParEGO,13,50,0.6411839702717886
MRC,ParEGO,13,60,0.6639005081233749
MRC,ParEGO,13,70,0.6766086357964045
MRC,ParEGO,13,80,0.6873572973801902
MRC,ParEGO,13,90,0.6873572973801902
MRC,ParEGO,13,100,0.7034581315936184
MRC,ParEGO,13,110,0.7034581315936184
MRC,ParEGO,13,120,0.7034581315936184
MRC,ParEGO,14,20,0.5463326401104872
MRC,ParEGO,14,30,0.5908637831820308
MRC,ParEGO,14,40,0.616120746104033
MRC,ParEGO,14,50,0.6370553731001503
MRC,ParEGO,14,60,0.6710864003647103
MRC,ParEGO,14,70,0.6713320896751476
MRC,ParEGO,14,80,0.6713320896751476
MRC,ParEGO,14,90,0.6916963800363823
MRC,ParEGO,14,100,0.7024220858535504
MRC,ParEGO,14,110,0.7114502075473266
MRC,ParEGO,14,120,0.7147038312725844
MRC,ParEGO,15,20,0.5539114424532736
MRC,ParEGO,15,30,0.5941671223073007
MRC,ParEGO,15,40,0.6202652808426213
MRC,ParEGO,15,50,0.6457994059431017
MRC,ParEGO,15,60,0.6684481636298143
MRC,ParEGO,15,70,0.6805814123238284
MRC,ParEGO,15,80,0.6829519726699913
MRC,ParEGO,15,90,0.6965014164993802
MRC,ParEGO,15,100,0.7054035143718391
MRC,ParEGO,15,110,0.7054035143718391
MRC,ParEGO,15,120,0.7117751872124344
MRC,GP-BO,1,20,0.5533083114993761
MRC,GP-BO,1,30,0.5944533919448638
MRC,GP-BO,1,40,0.6338642644146195
MRC,GP-BO,1,50,0.657410541691199
MRC,GP-BO,1,60,0.6705837091430592
MRC,GP-BO,1,70,0.6873918340079888
MRC,GP-BO,1,80,0.7000158725498256
MRC,GP-BO,1,90,0.7010640064649166
MRC,GP-BO,1,100,0.7038817889668313
MRC,GP-BO,1,110,0.7186287759140217
MRC,GP-BO,1,120,0.7186287759140217
MRC,GP-BO,2,20,0.5480806404635222
MRC,GP-BO,2,30,0.5775817052976061
MRC,GP-BO,2,40,0.611696337671701
MRC,GP-BO,2,50,0.6430474380922612
MRC,GP-BO,2,60,0.6649957982106349
MRC,GP-BO,2,70,0.6696464316938979
MRC,GP-BO,2,80,0.6813203886401703
MRC,GP-BO,2,90,0.697447500793441
MRC,GP-BO,2,100,0.7034119828050208
MRC,GP-BO,2,110,0.7142179311427838
MRC,GP-BO,2,120,0.7205466605399066
MRC,GP-BO,3,20,0.5596775216335323
MRC,GP-BO,3,30,0.6049521546760859
MRC,GP-BO,3,40,0.625659548594924
MRC,GP-BO,3,50,0.6562038543435218
MRC,GP-BO,3,60,0.673746261186801
MRC,GP-BO,3,70,0.6849016749193201
MRC,GP-BO,3,80,0.69135000734803
MRC,GP-BO,3,90,0.7072246603342631
MRC,GP-BO,3,100,0.7072246603342631
MRC,GP-BO,3,110,0.70870773411045
MRC,GP-BO,3,120,0.70870773411045
MRC,GP-BO,4,20,0.5503974481959069
MRC,GP-BO,4,30,0.592261209337745
MRC,GP-BO,4,40,0.6322260787710804
MRC,GP-BO,4,50,0.6498395952413936
MRC,GP-BO,4,60,0.6731097441331179
MRC,GP-BO,4,70,0.6831161330187229
MRC,GP-BO,4,80,0.6911842028396078
MRC,GP-BO,4,90,0.6953911911275751
MRC,GP-BO,4,100,0.7113685622884358
MRC,GP-BO,4,110,0.7137615665037451
MRC,GP-BO,4,120,0.7137615665037451
MRC,GP-BO,5,20,0.5595289808299196
MRC,GP-BO,5,30,0.5931343317566904
MRC,GP-BO,5,40,0.6239421756114449
MRC,GP-BO,5,50,0.6513336646170588
MRC,GP-BO,5,60,0.6676543953828654
MRC,GP-BO,5,70,0.6907724638033295
MRC,GP-BO,5,80,0.6967144730917051
MRC,GP-BO,5,90,0.698841569052138
MRC,GP-BO,5,100,0.7040806478945308
MRC,GP-BO,5,110,0.7084813366057514
MRC,GP-BO,5,120,0.7109441420418869
MRC,GP-BO,6,20,0.5606889181784883
MRC,GP-BO,6,30,0.5952694039101201
MRC,GP-BO,6,40,0.6236291885239054
MRC,GP-BO,6,50,0.6589477290138673
MRC,GP-BO,6,60,0.6696492867365759
MRC,GP-BO,6,70,0.6859793176928406
MRC,GP-BO,6,80,0.6959286111768074
MRC,GP-BO,6,90,0.7025436058425492
MRC,GP-BO,6,100,0.7113094647015734
MRC,GP-BO,6,110,0.7135634337532527
MRC,GP-BO,6,120,0.7202603127534261
MRC,GP-BO,7,20,0.5462489588914765
MRC,GP-BO,7,30,0.6067729538077944
MRC,GP-BO,7,40,0.6255243360225855
MRC,GP-BO,7,50,0.6478224249621262
MRC,GP-BO,7,60,0.6676224678375531
MRC,GP-BO,7,70,0.6811229108500456
MRC,GP-BO,7,80,0.7027691561468179
MRC,GP-BO,7,90,0.7028123746418815
MRC,GP-BO,7,100,0.7133919935701474
MRC,GP-BO,7,110,0.7166450347012999
MRC,GP-BO,7,120,0.7166450347012999
MRC,GP-BO,8,20,0.5589805110431698
MRC,GP-BO,8,30,0.5930550651854828
MRC,GP-BO,8,40,0.6281543099317097
MRC,GP-BO,8,50,0.6444214796213528
MRC,GP-BO,8,60,0.6625294044231356
MRC,GP-BO,8,70,0.6796271410873854
MRC,GP-BO,8,80,0.6961877196229462
MRC,GP-BO,8,90,0.7051407329858681
MRC,GP-BO,8,100,0.7069937305591265
MRC,GP-BO,8,110,0.7166516170292467
MRC,GP-BO,8,120,0.7166516170292467
MRC,GP-BO,9,20,0.544479772099842
MRC,GP-BO,9,30,0.5913669512772421
MRC,GP-BO,9,40,0.6241765156195227
MRC,GP-BO,9,50,0.6413378592064185
MRC,GP-BO,9,60,0.6632797912981865
MRC,GP-BO,9,70,0.6808864647843229
MRC,GP-BO,9,80,0.6828318458181695
MRC,GP-BO,9,90,0.6833852294784933
MRC,GP-BO,9,100,0.7073612039719552
MRC,GP-BO,9,110,0.7073612039719552
MRC,GP-BO,9,120,0.7073612039719552
MRC,GP-BO,10,20,0.5520539930293529
MRC,GP-BO,10,30,0.604649349016628
MRC,GP-BO,10,40,0.6223193584965826
MRC,GP-BO,10,50,0.6506579854042148
MRC,GP-BO,10,60,0.6786605023773316
MRC,GP-BO,10,70,0.6856129757344274
MRC,GP-BO,10,80,0.7016480156443348
MRC,GP-BO,10,90,0.7018946165727461
MRC,GP-BO,10,100,0.7171155445460309
MRC,GP-BO,10,110,0.7230921657105615
MRC,GP-BO,10,120,0.7233801476063426
MRC,GP-BO,11,20,0.5598189040301259
MRC,GP-BO,11,30,0.5943663596400461
MRC,GP-BO,11,40,0.6257823456411805
MRC,GP-BO,11,50,0.6574815623488098
MRC,GP-BO,11,60,0.6813337850903385
MRC,GP-BO,11,70,0.6910553596579698
MRC,GP-BO,11,80,0.7005652372041308
MRC,GP-BO,11,90,0.714667566061633
MRC,GP-BO,11,100,0.714667566061633
MRC,GP-BO,11,110,0.7175358085744781
MRC,GP-BO,11,120,0.7245448452050668
MRC,GP-BO,12,20,0.5542168668917961
MRC,GP-BO,12,30,0.5940957623062114
MRC,GP-BO,12,40,0.6296763835418423
MRC,GP-BO,12,50,0.6451650949083789
MRC,GP-BO,12,60,0.6624075974032095
MRC,GP-BO,12,70,0.6754840935187686
MRC,GP-BO,12,80,0.6936205185732278
MRC,GP-BO,12,90,0.6971717946561276
MRC,GP-BO,12,100,0.7038175260808718
MRC,GP-BO,12,110,0.7135260212290242
MRC,GP-BO,12,120,0.7210436282797519
MRC,GP-BO,13,20,0.558102564548507
MRC,GP-BO,13,30,0.6026511155048959
MRC,GP-BO,13,40,0.6293501115299851
MRC,GP-BO,13,50,0.6590144055067403
MRC,GP-BO,13,60,0.6686277117050415
MRC,GP-BO,13,70,0.6932264795392017
MRC,GP-BO,13,80,0.6932264795392017
MRC,GP-BO,13,90,0.7078197533727489
MRC,GP-BO,13,100,0.7131514994478906
MRC,GP-BO,13,110,0.7182904144842459
MRC,GP-BO,13,120,0.7258815568601207
MRC,GP-BO,14,20,0.5607567541518496
MRC,GP-BO,14,30,0.5990834390003276
MRC,GP-BO,14,40,0.628339013158214
MRC,GP-BO,14,50,0.6528283109459224
MRC,GP-BO,14,60,0.6717033214150888
MRC,GP-BO,14,70,0.6823047394371022
MRC,GP-BO,14,80,0.697623321037125
MRC,GP-BO,14,90,0.7094543552414747
MRC,GP-BO,14,100,0.7094543552414747
MRC,GP-BO,14,110,0.7228307138483757
MRC,GP-BO,14,120,0.724527433845315
MRC,GP-BO,15,20,0.5540057699208
MRC,GP-BO,15,30,0.5942779911233802
MRC,GP-BO,15,40,0.6314488630211231
MRC,GP-BO,15,50,0.6521057040295917
MRC,GP-BO,15,60,0.6823699993784249
MRC,GP-BO,15,70,0.6902735384295703
MRC,GP-BO,15,80,0.709778788578612
MRC,GP-BO,15,90,0.709778788578612
MRC,GP-BO,15,100,0.7113151061625496
MRC,GP-BO,15,110,0.7157405764108685
MRC,GP-BO,15,120,0.7224590824235199
MRC,Physics-free,1,20,0.5612353590037011
MRC,Physics-free,1,30,0.6141066072471225
MRC,Physics-free,1,40,0.6537487963663441
MRC,Physics-free,1,50,0.6770021427072569
MRC,Physics-free,1,60,0.696142115958455
MRC,Physics-free,1,70,0.7095997651962194
MRC,Physics-free,1,80,0.7286101792054637
MRC,Physics-free,1,90,0.7286101792054637
MRC,Physics-free,1,100,0.7338574381445488
MRC,Physics-free,1,110,0.740826343039037
MRC,Physics-free,1,120,0.7526016123901099
MRC,Physics-free,2,20,0.5691900107321058
MRC,Physics-free,2,30,0.6168303965500609
MRC,Physics-free,2,40,0.6497594906768447
MRC,Physics-free,2,50,0.6823778021984976
MRC,Physics-free,2,60,0.7045642028940398
MRC,Physics-free,2,70,0.7091944274494082
MRC,Physics-free,2,80,0.72194888968529
MRC,Physics-free,2,90,0.7276071879706361
MRC,Physics-free,2,100,0.7337058502885583
MRC,Physics-free,2,110,0.7337058502885583
MRC,Physics-free,2,120,0.7344280817427813
MRC,Physics-free,3,20,0.5650721723615515
MRC,Physics-free,3,30,0.6117445163877845
MRC,Physics-free,3,40,0.6567451253683549
MRC,Physics-free,3,50,0.6954561276453901
MRC,Physics-free,3,60,0.7042052805772523
MRC,Physics-free,3,70,0.7266800113086666
MRC,Physics-free,3,80,0.7386928791935485
MRC,Physics-free,3,90,0.7496824897165614
MRC,Physics-free,3,100,0.7536767885701097
MRC,Physics-free,3,110,0.7588708734575568
MRC,Physics-free,3,120,0.7623084995889369
MRC,Physics-free,4,20,0.5546275422707104
MRC,Physics-free,4,30,0.5916588654129292
MRC,Physics-free,4,40,0.634767866910962
MRC,Physics-free,4,50,0.6723986005818159
MRC,Physics-free,4,60,0.6868309475993792
MRC,Physics-free,4,70,0.6925667960965513
MRC,Physics-free,4,80,0.7093874574401743
MRC,Physics-free,4,90,0.7213281304447339
MRC,Physics-free,4,100,0.7340414245219827
MRC,Physics-free,4,110,0.7456149200457771
MRC,Physics-free,4,120,0.7456500125488584
MRC,Physics-free,5,20,0.5661663406436631
MRC,Physics-free,5,30,0.6199431939780181
MRC,Physics-free,5,40,0.6628328616711521
MRC,Physics-free,5,50,0.692260727904544
MRC,Physics-free,5,60,0.702498705090247
MRC,Physics-free,5,70,0.7180872039376855
MRC,Physics-free,5,80,0.725263968061719
MRC,Physics-free,5,90,0.7371838645811742
MRC,Physics-free,5,100,0.7444951827695738
MRC,Physics-free,5,110,0.7455261356930619
MRC,Physics-free,5,120,0.7521685693487455
MRC,Physics-free,6,20,0.5626379272343929
MRC,Physics-free,6,30,0.6136666517466983
MRC,Physics-free,6,40,0.6493138494531914
MRC,Physics-free,6,50,0.6804177276180453
MRC,Physics-free,6,60,0.7009690524560244
MRC,Physics-free,6,70,0.7133097725560814
MRC,Physics-free,6,80,0.72416725971925
MRC,Physics-free,6,90,0.7334035460357318
MRC,Physics-free,6,100,0.7449908267590071
MRC,Physics-free,6,110,0.7467129633392405
MRC,Physics-free,6,120,0.7521903734280497
MRC,Physics-free,7,20,0.5631558818221395
MRC,Physics-free,7,30,0.6044272222196129
MRC,Physics-free,7,40,0.643286521235528
MRC,Physics-free,7,50,0.6672569421681038
MRC,Physics-free,7,60,0.6926321050679753
MRC,Physics-free,7,70,0.7069200996995717
MRC,Physics-free,7,80,0.7208107333773742
MRC,Physics-free,7,90,0.7278590590383127
MRC,Physics-free,7,100,0.7429285155975829
MRC,Physics-free,7,110,0.7434043966796519
MRC,Physics-free,7,120,0.7512244728740225
MRC,Physics-free,8,20,0.5538236028354037
MRC,Physics-free,8,30,0.6177331287765663
MRC,Physics-free,8,40,0.6564291197755749
MRC,Physics-free,8,50,0.6813643828129574
MRC,Physics-free,8,60,0.692862071230463
MRC,Physics-free,8,70,0.7036039936186878
MRC,Physics-free,8,80,0.7213995513632359
MRC,Physics-free,8,90,0.7293461952703851
MRC,Physics-free,8,100,0.7342733829361058
MRC,Physics-free,8,110,0.735584192624093
MRC,Physics-free,8,120,0.7479943115798797
MRC,Physics-free,9,20,0.5624961489884226
MRC,Physics-free,9,30,0.6000274576147681
MRC,Physics-free,9,40,0.6486807375857123
MRC,Physics-free,9,50,0.677133874445838
MRC,Physics-free,9,60,0.7008486741822496
MRC,Physics-free,9,70,0.7127601642157321
MRC,Physics-free,9,80,0.7164308687594783
MRC,Physics-free,9,90,0.7405816247940885
MRC,Physics-free,9,100,0.7457659279198212
MRC,Physics-free,9,110,0.7504110209860738
MRC,Physics-free,9,120,0.7504110209860738
MRC,Physics-free,10,20,0.5695899031761691
MRC,Physics-free,10,30,0.6184121303297805
MRC,Physics-free,10,40,0.6675220338156113
MRC,Physics-free,10,50,0.6914472304229092
MRC,Physics-free,10,60,0.7279064969578632
MRC,Physics-free,10,70,0.7279064969578632
MRC,Physics-free,10,80,0.7312339162520815
MRC,Physics-free,10,90,0.7353723560698757
MRC,Physics-free,10,100,0.7413794472880112
MRC,Physics-free,10,110,0.7413794472880112
MRC,Physics-free,10,120,0.7427993070189275
MRC,Physics-free,11,20,0.576320566669897
MRC,Physics-free,11,30,0.6230704212184449
MRC,Physics-free,11,40,0.6583517239610517
MRC,Physics-free,11,50,0.6871518159498006
MRC,Physics-free,11,60,0.6989001038501155
MRC,Physics-free,11,70,0.7202741015715426
MRC,Physics-free,11,80,0.7310828009561576
MRC,Physics-free,11,90,0.7429476181594287
MRC,Physics-free,11,100,0.7429476181594287
MRC,Physics-free,11,110,0.7447721611581336
MRC,Physics-free,11,120,0.7485220871989726
MRC,Physics-free,12,20,0.5642409863612925
MRC,Physics-free,12,30,0.6039066318996779
MRC,Physics-free,12,40,0.6408833991395569
MRC,Physics-free,12,50,0.6720104438200782
MRC,Physics-free,12,60,0.6931312405293099
MRC,Physics-free,12,70,0.7047157771136189
MRC,Physics-free,12,80,0.7237655987154138
MRC,Physics-free,12,90,0.7275915780237292
MRC,Physics-free,12,100,0.730524330789801
MRC,Physics-free,12,110,0.738376964338092
MRC,Physics-free,12,120,0.7396947574765558
MRC,Physics-free,13,20,0.5667852922481482
MRC,Physics-free,13,30,0.6268271840699179
MRC,Physics-free,13,40,0.6579057358438277
MRC,Physics-free,13,50,0.686038193270506
MRC,Physics-free,13,60,0.7015475675034845
MRC,Physics-free,13,70,0.7163097404178729
MRC,Physics-free,13,80,0.7287978488162653
MRC,Physics-free,13,90,0.7287978488162653
MRC,Physics-free,13,100,0.7469863804058468
MRC,Physics-free,13,110,0.7469863804058468
MRC,Physics-free,13,120,0.7489869401857832
MRC,Physics-free,14,20,0.5690909433807012
MRC,Physics-free,14,30,0.6202499380237176
MRC,Physics-free,14,40,0.6478493738944223
MRC,Physics-free,14,50,0.6800465840997508
MRC,Physics-free,14,60,0.7063361307361031
MRC,Physics-free,14,70,0.7210273248838165
MRC,Physics-free,14,80,0.7216301692569466
MRC,Physics-free,14,90,0.7411775825720255
MRC,Physics-free,14,100,0.7411775825720255
MRC,Physics-free,14,110,0.7433813454446955
MRC,Physics-free,14,120,0.744909661670171
MRC,Physics-free,15,20,0.5692984261641736
MRC,Physics-free,15,30,0.6193292465260724
MRC,Physics-free,15,40,0.6500525734694416
MRC,Physics-free,15,50,0.6792170515225845
MRC,Physics-free,15,60,0.6935367028945992
MRC,Physics-free,15,70,0.719433523284503
MRC,Physics-free,15,80,0.7310114763929078
MRC,Physics-free,15,90,0.7453965340080569
MRC,Physics-free,15,100,0.7453965340080569
MRC,Physics-free,15,110,0.7552030703583118
MRC,Physics-free,15,120,0.7579554029198065
MRC,MF-SAEA,1,20,0.5726073678050808
MRC,MF-SAEA,1,30,0.6424270590949779
MRC,MF-SAEA,1,40,0.6906277134412828
MRC,MF-SAEA,1,50,0.7171808545518131
MRC,MF-SAEA,1,60,0.7439052072935392
MRC,MF-SAEA,1,70,0.7582335785883274
MRC,MF-SAEA,1,80,0.7616045646462518
MRC,MF-SAEA,1,90,0.7689645350213038
MRC,MF-SAEA,1,100,0.7757635773362365
MRC,MF-SAEA,1,110,0.7855431726839969
MRC,MF-SAEA,1,120,0.7872467150294599
MRC,MF-SAEA,2,20,0.590666526558554
MRC,MF-SAEA,2,30,0.6545594162508245
MRC,MF-SAEA,2,40,0.7034681566556692
MRC,MF-SAEA,2,50,0.727482064734406
MRC,MF-SAEA,2,60,0.7443882242116258
MRC,MF-SAEA,2,70,0.7602133801804114
MRC,MF-SAEA,2,80,0.7751458592484084
MRC,MF-SAEA,2,90,0.7772734564878508
MRC,MF-SAEA,2,100,0.7772734564878508
MRC,MF-SAEA,2,110,0.7835749590799294
MRC,MF-SAEA,2,120,0.7925947436480791
MRC,MF-SAEA,3,20,0.5729274133897279
MRC,MF-SAEA,3,30,0.6240988782800514
MRC,MF-SAEA,3,40,0.6733817410085854
MRC,MF-SAEA,3,50,0.7101648763039108
MRC,MF-SAEA,3,60,0.7304855452392526
MRC,MF-SAEA,3,70,0.7472891443869718
MRC,MF-SAEA,3,80,0.7515485930271567
MRC,MF-SAEA,3,90,0.7711671446420874
MRC,MF-SAEA,3,100,0.7754419363600107
MRC,MF-SAEA,3,110,0.7816608961932392
MRC,MF-SAEA,3,120,0.7816608961932392
MRC,MF-SAEA,4,20,0.58150513344079
MRC,MF-SAEA,4,30,0.6424099245768125
MRC,MF-SAEA,4,40,0.6778480911440385
MRC,MF-SAEA,4,50,0.7104545510261441
MRC,MF-SAEA,4,60,0.7324447045963042
MRC,MF-SAEA,4,70,0.7501879064893299
MRC,MF-SAEA,4,80,0.7599982322654822
MRC,MF-SAEA,4,90,0.7707784186145905
MRC,MF-SAEA,4,100,0.7827698619997685
MRC,MF-SAEA,4,110,0.7827698619997685
MRC,MF-SAEA,4,120,0.7827698619997685
MRC,MF-SAEA,5,20,0.5841841151951719
MRC,MF-SAEA,5,30,0.6441863155676649
MRC,MF-SAEA,5,40,0.6926193689662584
MRC,MF-SAEA,5,50,0.7176247300026072
MRC,MF-SAEA,5,60,0.7383032364935831
MRC,MF-SAEA,5,70,0.7540577347458389
MRC,MF-SAEA,5,80,0.7673936602241838
MRC,MF-SAEA,5,90,0.7715495836565567
MRC,MF-SAEA,5,100,0.7763161876053811
MRC,MF-SAEA,5,110,0.7763161876053811
MRC,MF-SAEA,5,120,0.7831036030240577
MRC,MF-SAEA,6,20,0.5746033499370234
MRC,MF-SAEA,6,30,0.6369651564837796
MRC,MF-SAEA,6,40,0.6798317576684432
MRC,MF-SAEA,6,50,0.7169657314889412
MRC,MF-SAEA,6,60,0.7278285043412566
MRC,MF-SAEA,6,70,0.7403552144991867
MRC,MF-SAEA,6,80,0.7496377476253456
MRC,MF-SAEA,6,90,0.7608958869868714
MRC,MF-SAEA,6,100,0.7649225809256297
MRC,MF-SAEA,6,110,0.7681521655860787
MRC,MF-SAEA,6,120,0.7710814308331787
MRC,MF-SAEA,7,20,0.5961031872649986
MRC,MF-SAEA,7,30,0.6529580461591177
MRC,MF-SAEA,7,40,0.7078275021970328
MRC,MF-SAEA,7,50,0.728653664946009
MRC,MF-SAEA,7,60,0.7529349841940535
MRC,MF-SAEA,7,70,0.7799134485017658
MRC,MF-SAEA,7,80,0.7799134485017658
MRC,MF-SAEA,7,90,0.7799134485017658
MRC,MF-SAEA,7,100,0.7799134485017658
MRC,MF-SAEA,7,110,0.7852411080560355
MRC,MF-SAEA,7,120,0.7879874314065164
MRC,MF-SAEA,8,20,0.5891083080868382
MRC,MF-SAEA,8,30,0.6571677574152102
MRC,MF-SAEA,8,40,0.6941082184071327
MRC,MF-SAEA,8,50,0.7371968979326489
MRC,MF-SAEA,8,60,0.7429042437144839
MRC,MF-SAEA,8,70,0.7608634324202544
MRC,MF-SAEA,8,80,0.7729919689254057
MRC,MF-SAEA,8,90,0.7744752760046651
MRC,MF-SAEA,8,100,0.774692641138712
MRC,MF-SAEA,8,110,0.7866947148737579
MRC,MF-SAEA,8,120,0.7866947148737579
MRC,MF-SAEA,9,20,0.5728510011783712
MRC,MF-SAEA,9,30,0.6391278623674608
MRC,MF-SAEA,9,40,0.6842015473901346
MRC,MF-SAEA,9,50,0.7147482757235037
MRC,MF-SAEA,9,60,0.7393738110869473
MRC,MF-SAEA,9,70,0.7541906645881576
MRC,MF-SAEA,9,80,0.7541906645881576
MRC,MF-SAEA,9,90,0.7621736410044715
MRC,MF-SAEA,9,100,0.769370641752769
MRC,MF-SAEA,9,110,0.77708439193353
MRC,MF-SAEA,9,120,0.77708439193353
MRC,MF-SAEA,10,20,0.573238738964614
MRC,MF-SAEA,10,30,0.6369727262146737
MRC,MF-SAEA,10,40,0.6763778845280107
MRC,MF-SAEA,10,50,0.7017489489132333
MRC,MF-SAEA,10,60,0.7328184249259945
MRC,MF-SAEA,10,70,0.7585121690703536
MRC,MF-SAEA,10,80,0.7585121690703536
MRC,MF-SAEA,10,90,0.7666296624922521
MRC,MF-SAEA,10,100,0.7829753865420762
MRC,MF-SAEA,10,110,0.7834235244357425
MRC,MF-SAEA,10,120,0.7878840373198911
MRC,MF-SAEA,11,20,0.5803269983950035
MRC,MF-SAEA,11,30,0.6557579144017789
MRC,MF-SAEA,11,40,0.7004090503725343
MRC,MF-SAEA,11,50,0.7262549832739301
MRC,MF-SAEA,11,60,0.746736136364766
MRC,MF-SAEA,11,70,0.7578213217673855
MRC,MF-SAEA,11,80,0.764265734469992
MRC,MF-SAEA,11,90,0.7788731364533894
MRC,MF-SAEA,11,100,0.7788731364533894
MRC,MF-SAEA,11,110,0.788068072011505
MRC,MF-SAEA,11,120,0.7923240356662272
MRC,MF-SAEA,12,20,0.5779547347829826
MRC,MF-SAEA,12,30,0.6380070182999663
MRC,MF-SAEA,12,40,0.676295280912797
MRC,MF-SAEA,12,50,0.7059849863290468
MRC,MF-SAEA,12,60,0.7408025437352288
MRC,MF-SAEA,12,70,0.7413590854597907
MRC,MF-SAEA,12,80,0.754647747799477
MRC,MF-SAEA,12,90,0.762213380414171
MRC,MF-SAEA,12,100,0.762213380414171
MRC,MF-SAEA,12,110,0.7681781211583434
MRC,MF-SAEA,12,120,0.7746952385138108
MRC,MF-SAEA,13,20,0.5781979472369253
MRC,MF-SAEA,13,30,0.628078982236369
MRC,MF-SAEA,13,40,0.6738633689061372
MRC,MF-SAEA,13,50,0.7053728929981943
MRC,MF-SAEA,13,60,0.7140216470162689
MRC,MF-SAEA,13,70,0.7462741030977533
MRC,MF-SAEA,13,80,0.7515623235562746
MRC,MF-SAEA,13,90,0.7736875719187499
MRC,MF-SAEA,13,100,0.7746592229742482
MRC,MF-SAEA,13,110,0.7746592229742482
MRC,MF-SAEA,13,120,0.7851099241851055
MRC,MF-SAEA,14,20,0.5727065527125633
MRC,MF-SAEA,14,30,0.647184854053354
MRC,MF-SAEA,14,40,0.6860544205901633
MRC,MF-SAEA,14,50,0.7125628988703699
MRC,MF-SAEA,14,60,0.7422458954092118
MRC,MF-SAEA,14,70,0.7552214991074221
MRC,MF-SAEA,14,80,0.7658322834614822
MRC,MF-SAEA,14,90,0.777133519533499
MRC,MF-SAEA,14,100,0.777133519533499
MRC,MF-SAEA,14,110,0.790572177192992
MRC,MF-SAEA,14,120,0.790572177192992
MRC,MF-SAEA,15,20,0.5753431981428527
MRC,MF-SAEA,15,30,0.6395772373324377
MRC,MF-SAEA,15,40,0.6911711342331053
MRC,MF-SAEA,15,50,0.7248872174060805
MRC,MF-SAEA,15,60,0.743241550749436
MRC,MF-SAEA,15,70,0.7542882677973853
MRC,MF-SAEA,15,80,0.7662440961593031
MRC,MF-SAEA,15,90,0.7680970372643
MRC,MF-SAEA,15,100,0.7826899217781561
MRC,MF-SAEA,15,110,0.7826899217781561
MRC,MF-SAEA,15,120,0.7826899217781561
MRC,Proposed,1,20,0.6046912308891829
MRC,Proposed,1,30,0.7014770567679195
MRC,Proposed,1,40,0.7664474355585543
MRC,Proposed,1,50,0.7922814525685364
MRC,Proposed,1,60,0.8163431095746603
MRC,Proposed,1,70,0.8322576717330619
MRC,Proposed,1,80,0.840268510289846
MRC,Proposed,1,90,0.840268510289846
MRC,Proposed,1,100,0.8435513613212895
MRC,Proposed,1,110,0.8564375156416812
MRC,Proposed,1,120,0.8573631788890477
MRC,Proposed,2,20,0.621329857933866
MRC,Proposed,2,30,0.7125640390977314
MRC,Proposed,2,40,0.7665303088474497
MRC,Proposed,2,50,0.7988449004947454
MRC,Proposed,2,60,0.8213277296204179
MRC,Proposed,2,70,0.8390633339984115
MRC,Proposed,2,80,0.8448643862945922
MRC,Proposed,2,90,0.8519133386563132
MRC,Proposed,2,100,0.8549455586305869
MRC,Proposed,2,110,0.8549455586305869
MRC,Proposed,2,120,0.8549455586305869
MRC,Proposed,3,20,0.6153679790867206
MRC,Proposed,3,30,0.7109910451950896
MRC,Proposed,3,40,0.7642795778392987
MRC,Proposed,3,50,0.7995064999492955
MRC,Proposed,3,60,0.8127561823582137
MRC,Proposed,3,70,0.8271769018308496
MRC,Proposed,3,80,0.8300778840456009
MRC,Proposed,3,90,0.8303344569410264
MRC,Proposed,3,100,0.8435970811232063
MRC,Proposed,3,110,0.8435970811232063
MRC,Proposed,3,120,0.852504560131523
MRC,Proposed,4,20,0.6119771893446826
MRC,Proposed,4,30,0.6832569034866264
MRC,Proposed,4,40,0.7449767778964552
MRC,Proposed,4,50,0.7783116507830663
MRC,Proposed,4,60,0.7991882710832164
MRC,Proposed,4,70,0.8182590571425467
MRC,Proposed,4,80,0.8182590571425467
MRC,Proposed,4,90,0.8374544668324918
MRC,Proposed,4,100,0.8413777732157371
MRC,Proposed,4,110,0.8413777732157371
MRC,Proposed,4,120,0.8413777732157371
MRC,Proposed,5,20,0.6124708300475891
MRC,Proposed,5,30,0.7025614838440787
MRC,Proposed,5,40,0.7533870273022815
MRC,Proposed,5,50,0.7953220855981711
MRC,Proposed,5,60,0.8257927209823985
MRC,Proposed,5,70,0.8332853034309993
MRC,Proposed,5,80,0.8466442648784622
MRC,Proposed,5,90,0.8529924243065277
MRC,Proposed,5,100,0.8556903171560947
MRC,Proposed,5,110,0.8600885408201853
MRC,Proposed,5,120,0.8603851334393507
MRC,Proposed,6,20,0.6167173180539512
MRC,Proposed,6,30,0.6976681498686176
MRC,Proposed,6,40,0.757760775622105
MRC,Proposed,6,50,0.7952782609781476
MRC,Proposed,6,60,0.8120621229264562
MRC,Proposed,6,70,0.8369546435960695
MRC,Proposed,6,80,0.8434470336501372
MRC,Proposed,6,90,0.8434470336501372
MRC,Proposed,6,100,0.8434470336501372
MRC,Proposed,6,110,0.8469909770151732
MRC,Proposed,6,120,0.8511393479851126
MRC,Proposed,7,20,0.6190471860474589
MRC,Proposed,7,30,0.7012925034104546
MRC,Proposed,7,40,0.7478261626453516
MRC,Proposed,7,50,0.7988319112196834
MRC,Proposed,7,60,0.8137271368659323
MRC,Proposed,7,70,0.8181260055804893
MRC,Proposed,7,80,0.8410127768127998
MRC,Proposed,7,90,0.8410127768127998
MRC,Proposed,7,100,0.8433253089334984
MRC,Proposed,7,110,0.8540333486747556
MRC,Proposed,7,120,0.8540333486747556
MRC,Proposed,8,20,0.6245851520272325
MRC,Proposed,8,30,0.7163418541398892
MRC,Proposed,8,40,0.7727110014500983
MRC,Proposed,8,50,0.801798255049872
MRC,Proposed,8,60,0.8237674426111666
MRC,Proposed,8,70,0.8382512041942558
MRC,Proposed,8,80,0.8390801686325501
MRC,Proposed,8,90,0.8622882071346041
MRC,Proposed,8,100,0.8622882071346041
MRC,Proposed,8,110,0.8622882071346041
MRC,Proposed,8,120,0.8641426706218419
MRC,Proposed,9,20,0.6158075520568361
MRC,Proposed,9,30,0.6967889959186884
MRC,Proposed,9,40,0.7534254977312926
MRC,Proposed,9,50,0.7935060893140665
MRC,Proposed,9,60,0.8115872448013196
MRC,Proposed,9,70,0.8341668138887324
MRC,Proposed,9,80,0.8401021087119636
MRC,Proposed,9,90,0.8451282494046517
MRC,Proposed,9,100,0.859317770458105
MRC,Proposed,9,110,0.859317770458105
MRC,Proposed,9,120,0.8667983303374984
MRC,Proposed,10,20,0.6241617935694956
MRC,Proposed,10,30,0.701985030151026
MRC,Proposed,10,40,0.7605299573039037
MRC,Proposed,10,50,0.7967739644868966
MRC,Proposed,10,60,0.8115050253692675
MRC,Proposed,10,70,0.8328200623684301
MRC,Proposed,10,80,0.8392843867925815
MRC,Proposed,10,90,0.8404038850611915
MRC,Proposed,10,100,0.8429330258510512
MRC,Proposed,10,110,0.8524079219302885
MRC,Proposed,10,120,0.8548927558947562
MRC,Proposed,11,20,0.6171894227959595
MRC,Proposed,11,30,0.7085615004096706
MRC,Proposed,11,40,0.7639060749208546
MRC,Proposed,11,50,0.7882472355731936
MRC,Proposed,11,60,0.8238199178531953
MRC,Proposed,11,70,0.8281551140276381
MRC,Proposed,11,80,0.8348552767526585
MRC,Proposed,11,90,0.8348552767526585
MRC,Proposed,11,100,0.8411577555358191
MRC,Proposed,11,110,0.8440316413878705
MRC,Proposed,11,120,0.845106077090241
MRC,Proposed,12,20,0.6214461044079306
MRC,Proposed,12,30,0.7139803404214273
MRC,Proposed,12,40,0.772262751909884
MRC,Proposed,12,50,0.8002998314548005
MRC,Proposed,12,60,0.8149034696059947
MRC,Proposed,12,70,0.8321548894012814
MRC,Proposed,12,80,0.8372331332928225
MRC,Proposed,12,90,0.8372331332928225
MRC,Proposed,12,100,0.8517729216067114
MRC,Proposed,12,110,0.8517729216067114
MRC,Proposed,12,120,0.8517729216067114
MRC,Proposed,13,20,0.6209673713940731
MRC,Proposed,13,30,0.7092041452036586
MRC,Proposed,13,40,0.7662686804338114
MRC,Proposed,13,50,0.7996191176404387
MRC,Proposed,13,60,0.8277615851356284
MRC,Proposed,13,70,0.845111555021437
MRC,Proposed,13,80,0.8490368383866036
MRC,Proposed,13,90,0.8578432372504177
MRC,Proposed,13,100,0.8613943482291283
MRC,Proposed,13,110,0.8613943482291283
MRC,Proposed,13,120,0.8613943482291283
MRC,Proposed,14,20,0.6065925702639702
MRC,Proposed,14,30,0.687841639596973
MRC,Proposed,14,40,0.7453943458449309
MRC,Proposed,14,50,0.7803968582860715
MRC,Proposed,14,60,0.8069548991780618
MRC,Proposed,14,70,0.8232836616822279
MRC,Proposed,14,80,0.82568623238837
MRC,Proposed,14,90,0.8319145058338052
MRC,Proposed,14,100,0.83519796737903
MRC,Proposed,14,110,0.8471541502795624
MRC,Proposed,14,120,0.8471541502795624
MRC,Proposed,15,20,0.6035613407135773
MRC,Proposed,15,30,0.7034052039099287
MRC,Proposed,15,40,0.7551552648550799
MRC,Proposed,15,50,0.7869084847818617
MRC,Proposed,15,60,0.8127480198407158
MRC,Proposed,15,70,0.8252751257446709
MRC,Proposed,15,80,0.8404907981605056
MRC,Proposed,15,90,0.8468051066739428
MRC,Proposed,15,100,0.8468051066739428
MRC,Proposed,15,110,0.8468051066739428
MRC,Proposed,15,120,0.8500967539450628
PRF,ParEGO,1,20,0.5505505273895582
PRF,ParEGO,1,30,0.5920752694277224
PRF,ParEGO,1,40,0.6281308377096665
PRF,ParEGO,1,50,0.6471740222305413
PRF,ParEGO,1,60,0.6722138213660812
PRF,ParEGO,1,70,0.6861228291957366
PRF,ParEGO,1,80,0.6889479863952367
PRF,ParEGO,1,90,0.7013411769973391
PRF,ParEGO,1,100,0.7029996534569979
PRF,ParEGO,1,110,0.7117412723174594
PRF,ParEGO,1,120,0.7151528035085094
PRF,ParEGO,2,20,0.5373111638633693
PRF,ParEGO,2,30,0.5765949913264082
PRF,ParEGO,2,40,0.6034887130238098
PRF,ParEGO,2,50,0.6230041526011316
PRF,ParEGO,2,60,0.6472452841032956
PRF,ParEGO,2,70,0.6550853652038994
PRF,ParEGO,2,80,0.6620953763756086
PRF,ParEGO,2,90,0.6805582870776672
PRF,ParEGO,2,100,0.6805582870776672
PRF,ParEGO,2,110,0.682911390883033
PRF,ParEGO,2,120,0.69170347532753
PRF,ParEGO,3,20,0.5423111958260401
PRF,ParEGO,3,30,0.5763940732799658
PRF,ParEGO,3,40,0.6005771165562841
PRF,ParEGO,3,50,0.6349888124602442
PRF,ParEGO,3,60,0.6482102841737373
PRF,ParEGO,3,70,0.6632994048924242
PRF,ParEGO,3,80,0.6703222324973168
PRF,ParEGO,3,90,0.6763995122024568
PRF,ParEGO,3,100,0.6771215731085866
PRF,ParEGO,3,110,0.7009697208543998
PRF,ParEGO,3,120,0.7009697208543998
PRF,ParEGO,4,20,0.552930804267939
PRF,ParEGO,4,30,0.5882493390764373
PRF,ParEGO,4,40,0.6150770834084031
PRF,ParEGO,4,50,0.6347514115243781
PRF,ParEGO,4,60,0.6554342775265394
PRF,ParEGO,4,70,0.6723474910686726
PRF,ParEGO,4,80,0.6790376562507219
PRF,ParEGO,4,90,0.6874355950373643
PRF,ParEGO,4,100,0.6942698448161658
PRF,ParEGO,4,110,0.6973370404954071
PRF,ParEGO,4,120,0.7019365326541872
PRF,ParEGO,5,20,0.5446371133587311
PRF,ParEGO,5,30,0.6014546626385701
PRF,ParEGO,5,40,0.6346383407743561
PRF,ParEGO,5,50,0.6528999110283411
PRF,ParEGO,5,60,0.6768681080229648
PRF,ParEGO,5,70,0.689454506307395
PRF,ParEGO,5,80,0.6985943326478894
PRF,ParEGO,5,90,0.7060537101294877
PRF,ParEGO,5,100,0.7184047364095488
PRF,ParEGO,5,110,0.7217070594781803
PRF,ParEGO,5,120,0.7217070594781803
PRF,ParEGO,6,20,0.547324761897627
PRF,ParEGO,6,30,0.5912402706367627
PRF,ParEGO,6,40,0.6245380005122091
PRF,ParEGO,6,50,0.6379946247691358
PRF,ParEGO,6,60,0.6497804149260087
PRF,ParEGO,6,70,0.6633357958011511
PRF,ParEGO,6,80,0.6812559432127433
PRF,ParEGO,6,90,0.6895803566751745
PRF,ParEGO,6,100,0.6950332176627855
PRF,ParEGO,6,110,0.6998563526512408
PRF,ParEGO,6,120,0.7044993771842232
PRF,ParEGO,7,20,0.5421480563460661
PRF,ParEGO,7,30,0.5793825451263411
PRF,ParEGO,7,40,0.5954721343870121
PRF,ParEGO,7,50,0.6201023484190314
PRF,ParEGO,7,60,0.634017880529605
PRF,ParEGO,7,70,0.6384437326068166
PRF,ParEGO,7,80,0.6577491317457377
PRF,ParEGO,7,90,0.6668846521436932
PRF,ParEGO,7,100,0.6740960186679742
PRF,ParEGO,7,110,0.6785615655903985
PRF,ParEGO,7,120,0.6785615655903985
PRF,ParEGO,8,20,0.5332701916133775
PRF,ParEGO,8,30,0.5623890405799664
PRF,ParEGO,8,40,0.6013368849587529
PRF,ParEGO,8,50,0.6220782050052583
PRF,ParEGO,8,60,0.6453698084548319
PRF,ParEGO,8,70,0.6540966974792908
PRF,ParEGO,8,80,0.663324741608488
PRF,ParEGO,8,90,0.6763549282415693
PRF,ParEGO,8,100,0.6763549282415693
PRF,ParEGO,8,110,0.6870307861926068
PRF,ParEGO,8,120,0.6909563781196038
PRF,ParEGO,9,20,0.5493795933822346
PRF,ParEGO,9,30,0.5912516130879676
PRF,ParEGO,9,40,0.6179474471490567
PRF,ParEGO,9,50,0.642703315775413
PRF,ParEGO,9,60,0.6437267759944443
PRF,ParEGO,9,70,0.6733685540655657
PRF,ParEGO,9,80,0.6808357011480184
PRF,ParEGO,9,90,0.6883317854271076
PRF,ParEGO,9,100,0.6938482384353364
PRF,ParEGO,9,110,0.6954649432631037
PRF,ParEGO,9,120,0.6954649432631037
PRF,ParEGO,10,20,0.5383999114391536
PRF,ParEGO,10,30,0.5793529907922808
PRF,ParEGO,10,40,0.6005934968235209
PRF,ParEGO,10,50,0.6241680563959002
PRF,ParEGO,10,60,0.6390619337880259
PRF,ParEGO,10,70,0.652100892980243
PRF,ParEGO,10,80,0.665887811308951
PRF,ParEGO,10,90,0.6792250133313049
PRF,ParEGO,10,100,0.6913656849191913
PRF,ParEGO,10,110,0.694729680188498
PRF,ParEGO,10,120,0.6990517499455933
PRF,ParEGO,11,20,0.5547894741890861
PRF,ParEGO,11,30,0.5962418569847637
PRF,ParEGO,11,40,0.619975179793623
PRF,ParEGO,11,50,0.658532111431643
PRF,ParEGO,11,60,0.660598379180533
PRF,ParEGO,11,70,0.6727415763768008
PRF,ParEGO,11,80,0.6962114379275144
PRF,ParEGO,11,90,0.703299630287753
PRF,ParEGO,11,100,0.705163425034149
PRF,ParEGO,11,110,0.7064658287738077
PRF,ParEGO,11,120,0.7163372992016215
PRF,ParEGO,12,20,0.5442754758256739
PRF,ParEGO,12,30,0.5913606488523743
PRF,ParEGO,12,40,0.6189981795581825
PRF,ParEGO,12,50,0.649401830713568
PRF,ParEGO,12,60,0.657045884598247
PRF,ParEGO,12,70,0.6699332763466967
PRF,ParEGO,12,80,0.6861945618552981
PRF,ParEGO,12,90,0.690442576365415
PRF,ParEGO,12,100,0.6973695877893703
PRF,ParEGO,12,110,0.7039425751225441
PRF,ParEGO,12,120,0.7039425751225441
PRF,ParEGO,13,20,0.55365542903582
PRF,ParEGO,13,30,0.5890160676582886
PRF,ParEGO,13,40,0.6244152256842316
PRF,ParEGO,13,50,0.6467869441799976
PRF,ParEGO,13,60,0.6653312547039074
PRF,ParEGO,13,70,0.6808824449263422
PRF,ParEGO,13,80,0.6947640021353061
PRF,ParEGO,13,90,0.6999844082236985
PRF,ParEGO,13,100,0.6999844082236985
PRF,ParEGO,13,110,0.7098603773731199
PRF,ParEGO,13,120,0.7160243205842717
PRF,ParEGO,14,20,0.5447558871070584
PRF,ParEGO,14,30,0.5947180735825985
PRF,ParEGO,14,40,0.6170510646566588
PRF,ParEGO,14,50,0.6465290807417085
PRF,ParEGO,14,60,0.6653105893796931
PRF,ParEGO,14,70,0.6696785150459552
PRF,ParEGO,14,80,0.6847755977455261
PRF,ParEGO,14,90,0.6962151076711922
PRF,ParEGO,14,100,0.6965053431551049
PRF,ParEGO,14,110,0.7099814402976024
PRF,ParEGO,14,120,0.7108199682226531
PRF,ParEGO,15,20,0.5442611354689175
PRF,ParEGO,15,30,0.5805064023552812
PRF,ParEGO,15,40,0.6128527272861978
PRF,ParEGO,15,50,0.640884782334642
PRF,ParEGO,15,60,0.6505593712774228
PRF,ParEGO,15,70,0.6698910161850404
PRF,ParEGO,15,80,0.6773720591449963
PRF,ParEGO,15,90,0.6827503357402275
PRF,ParEGO,15,100,0.6990854675479864
PRF,ParEGO,15,110,0.7029063150021582
PRF,ParEGO,15,120,0.7079407890693256
PRF,GP-BO,1,20,0.5557635105214576
PRF,GP-BO,1,30,0.6017082940782158
PRF,GP-BO,1,40,0.6239733947030994
PRF,GP-BO,1,50,0.654502332465228
PRF,GP-BO,1,60,0.6732855437477833
PRF,GP-BO,1,70,0.6927236650462154
PRF,GP-BO,1,80,0.7047136011056684
PRF,GP-BO,1,90,0.7089707731800063
PRF,GP-BO,1,100,0.7151611151651914
PRF,GP-BO,1,110,0.7151611151651914
PRF,GP-BO,1,120,0.727178634019565
PRF,GP-BO,2,20,0.5456155065219248
PRF,GP-BO,2,30,0.5984821514999938
PRF,GP-BO,2,40,0.6201201660605269
PRF,GP-BO,2,50,0.6542714961512643
PRF,GP-BO,2,60,0.6598277153595382
PRF,GP-BO,2,70,0.6777020187471046
PRF,GP-BO,2,80,0.6906410282829336
PRF,GP-BO,2,90,0.697309373135091
PRF,GP-BO,2,100,0.7009012366063788
PRF,GP-BO,2,110,0.7073115800246421
PRF,GP-BO,2,120,0.7124937735726757
PRF,GP-BO,3,20,0.545208151184156
PRF,GP-BO,3,30,0.5915315721328093
PRF,GP-BO,3,40,0.6221797689573995
PRF,GP-BO,3,50,0.6371414603941951
PRF,GP-BO,3,60,0.6530549131433021
PRF,GP-BO,3,70,0.6677140432671936
PRF,GP-BO,3,80,0.6852894674475686
PRF,GP-BO,3,90,0.6942600884489502
PRF,GP-BO,3,100,0.6995788255622031
PRF,GP-BO,3,110,0.7010172595639762
PRF,GP-BO,3,120,0.7076444605267556
PRF,GP-BO,4,20,0.5488531884838699
PRF,GP-BO,4,30,0.5930652012129916
PRF,GP-BO,4,40,0.6237554278135315
PRF,GP-BO,4,50,0.6508247874808538
PRF,GP-BO,4,60,0.6619766346419216
PRF,GP-BO,4,70,0.6836078480931307
PRF,GP-BO,4,80,0.6847978355124942
PRF,GP-BO,4,90,0.7018762681495715
PRF,GP-BO,4,100,0.7098027969914923
PRF,GP-BO,4,110,0.710975146739864
PRF,GP-BO,4,120,0.7209587194321914
PRF,GP-BO,5,20,0.5502123576261122
PRF,GP-BO,5,30,0.5960519095383534
PRF,GP-BO,5,40,0.6206126582969248
PRF,GP-BO,5,50,0.653553032837412
PRF,GP-BO,5,60,0.6654528350024032
PRF,GP-BO,5,70,0.6804289956343219
PRF,GP-BO,5,80,0.6928149368470122
PRF,GP-BO,5,90,0.7008351880292123
PRF,GP-BO,5,100,0.704401929543236
PRF,GP-BO,5,110,0.708796789709504
PRF,GP-BO,5,120,0.7203909911827826
PRF,GP-BO,6,20,0.5485438455241874
PRF,GP-BO,6,30,0.5909873062420083
PRF,GP-BO,6,40,0.6192775373003867
PRF,GP-BO,6,50,0.6526786211399126
PRF,GP-BO,6,60,0.6606549230877156
PRF,GP-BO,6,70,0.6720109102972054
PRF,GP-BO,6,80,0.6828263925591196
PRF,GP-BO,6,90,0.6903474774788763
PRF,GP-BO,6,100,0.6938903627377679
PRF,GP-BO,6,110,0.7042568305943339
PRF,GP-BO,6,120,0.7104240390922213
PRF,GP-BO,7,20,0.5548018517689826
PRF,GP-BO,7,30,0.598103441341488
PRF,GP-BO,7,40,0.6331763035335644
PRF,GP-BO,7,50,0.6597906944181995
PRF,GP-BO,7,60,0.6767163452675032
PRF,GP-BO,7,70,0.6972581089848736
PRF,GP-BO,7,80,0.7043976070431509
PRF,GP-BO,7,90,0.7145197851982746
PRF,GP-BO,7,100,0.7145197851982746
PRF,GP-BO,7,110,0.7250067004938928
PRF,GP-BO,7,120,0.7335545470476589
PRF,GP-BO,8,20,0.5588170867050803
PRF,GP-BO,8,30,0.5961789434020803
PRF,GP-BO,8,40,0.6241635932599419
PRF,GP-BO,8,50,0.6474326754689962
PRF,GP-BO,8,60,0.6612126337655131
PRF,GP-BO,8,70,0.6802152016363588
PRF,GP-BO,8,80,0.6960102996661598
PRF,GP-BO,8,90,0.702505519982626
PRF,GP-BO,8,100,0.7089093310659281
PRF,GP-BO,8,110,0.7147962258546715
PRF,GP-BO,8,120,0.7147962258546715
PRF,GP-BO,9,20,0.5547851576021848
PRF,GP-BO,9,30,0.5944419194127168
PRF,GP-BO,9,40,0.6397011317117465
PRF,GP-BO,9,50,0.6567622935203492
PRF,GP-BO,9,60,0.6783609403451936
PRF,GP-BO,9,70,0.6905482449687259
PRF,GP-BO,9,80,0.7007599675743608
PRF,GP-BO,9,90,0.7025759215959267
PRF,GP-BO,9,100,0.7143109773477293
PRF,GP-BO,9,110,0.7216108177124915
PRF,GP-BO,9,120,0.7347071880327378
PRF,GP-BO,10,20,0.5459071104599648
PRF,GP-BO,10,30,0.5861469107051411
PRF,GP-BO,10,40,0.6119491951476992
PRF,GP-BO,10,50,0.635022289431721
PRF,GP-BO,10,60,0.6499064458100591
PRF,GP-BO,10,70,0.6657834025722214
PRF,GP-BO,10,80,0.6775821089428259
PRF,GP-BO,10,90,0.6959136602645514
PRF,GP-BO,10,100,0.69978561744502
PRF,GP-BO,10,110,0.7020163896818828
PRF,GP-BO,10,120,0.7020163896818828
PRF,GP-BO,11,20,0.5593145095562296
PRF,GP-BO,11,30,0.5962984732668725
PRF,GP-BO,11,40,0.6288077868897874
PRF,GP-BO,11,50,0.65863777286321
PRF,GP-BO,11,60,0.6684232526059748
PRF,GP-BO,11,70,0.6976191879692394
PRF,GP-BO,11,80,0.7097911975787331
PRF,GP-BO,11,90,0.7158964190001625
PRF,GP-BO,11,100,0.7204963038038277
PRF,GP-BO,11,110,0.7296634743355461
PRF,GP-BO,11,120,0.7296634743355461
PRF,GP-BO,12,20,0.5439616629468155
PRF,GP-BO,12,30,0.5917344431146004
PRF,GP-BO,12,40,0.6302194132568202
PRF,GP-BO,12,50,0.6307881778739961
PRF,GP-BO,12,60,0.6476928478197297
PRF,GP-BO,12,70,0.6774440694696063
PRF,GP-BO,12,80,0.6800406800785412
PRF,GP-BO,12,90,0.6869836797179174
PRF,GP-BO,12,100,0.6967576085526901
PRF,GP-BO,12,110,0.7109562778256864
PRF,GP-BO,12,120,0.7109562778256864
PRF,GP-BO,13,20,0.5514635313586986
PRF,GP-BO,13,30,0.6022325326218533
PRF,GP-BO,13,40,0.6308216541219204
PRF,GP-BO,13,50,0.6551011721147104
PRF,GP-BO,13,60,0.6767730707607126
PRF,GP-BO,13,70,0.696212448201705
PRF,GP-BO,13,80,0.6996077263048024
PRF,GP-BO,13,90,0.7108543938931287
PRF,GP-BO,13,100,0.7250387198679239
PRF,GP-BO,13,110,0.7273330484569991
PRF,GP-BO,13,120,0.731330373849041
PRF,GP-BO,14,20,0.5492503685264256
PRF,GP-BO,14,30,0.5975565979200093
PRF,GP-BO,14,40,0.6324983657620691
PRF,GP-BO,14,50,0.655623594924248
PRF,GP-BO,14,60,0.6802727181994717
PRF,GP-BO,14,70,0.687815826223176
PRF,GP-BO,14,80,0.6916840346437243
PRF,GP-BO,14,90,0.7085751432416393
PRF,GP-BO,14,100,0.7202848547547733
PRF,GP-BO,14,110,0.7253986655095693
PRF,GP-BO,14,120,0.7253986655095693
PRF,GP-BO,15,20,0.5484944712550548
PRF,GP-BO,15,30,0.5912304251639624
PRF,GP-BO,15,40,0.6307698104288039
PRF,GP-BO,15,50,0.6454245440503263
PRF,GP-BO,15,60,0.6632573188177194
PRF,GP-BO,15,70,0.6772698636723451
PRF,GP-BO,15,80,0.6801158650762058
PRF,GP-BO,15,90,0.6978104124027708
PRF,GP-BO,15,100,0.7076679870146259
PRF,GP-BO,15,110,0.7183465273470037
PRF,GP-BO,15,120,0.7183465273470037
PRF,Physics-free,1,20,0.5619875065214535
PRF,Physics-free,1,30,0.6259557454572343
PRF,Physics-free,1,40,0.6445443604180483
PRF,Physics-free,1,50,0.6720460849670049
PRF,Physics-free,1,60,0.6892472448052622
PRF,Physics-free,1,70,0.7034101436977616
PRF,Physics-free,1,80,0.7111919200827871
PRF,Physics-free,1,90,0.7164787262604373
PRF,Physics-free,1,100,0.7306228013738941
PRF,Physics-free,1,110,0.7306228013738941
PRF,Physics-free,1,120,0.7390175040153778
PRF,Physics-free,2,20,0.5487205504262164
PRF,Physics-free,2,30,0.6044515401202742
PRF,Physics-free,2,40,0.6400346855583124
PRF,Physics-free,2,50,0.6675610374534562
PRF,Physics-free,2,60,0.684115591024067
PRF,Physics-free,2,70,0.7029530319939418
PRF,Physics-free,2,80,0.7129837463177241
PRF,Physics-free,2,90,0.7224968911481355
PRF,Physics-free,2,100,0.7337545782633196
PRF,Physics-free,2,110,0.7337545782633196
PRF,Physics-free,2,120,0.7398080236262685
PRF,Physics-free,3,20,0.5570156381568359
PRF,Physics-free,3,30,0.6152289223770019
PRF,Physics-free,3,40,0.6472444853526659
PRF,Physics-free,3,50,0.6725025064851136
PRF,Physics-free,3,60,0.6892633733812985
PRF,Physics-free,3,70,0.6985608826712338
PRF,Physics-free,3,80,0.7225774160577334
PRF,Physics-free,3,90,0.7263096648348093
PRF,Physics-free,3,100,0.7333240260122506
PRF,Physics-free,3,110,0.7455430843699749
PRF,Physics-free,3,120,0.7455430843699749
PRF,Physics-free,4,20,0.5526460756590806
PRF,Physics-free,4,30,0.598558576796917
PRF,Physics-free,4,40,0.6331875618419743
PRF,Physics-free,4,50,0.6646809386209503
PRF,Physics-free,4,60,0.6866422512453757
PRF,Physics-free,4,70,0.7015688785137532
PRF,Physics-free,4,80,0.7159124293281911
PRF,Physics-free,4,90,0.7253380197556101
PRF,Physics-free,4,100,0.7265841520805111
PRF,Physics-free,4,110,0.7369972469708217
PRF,Physics-free,4,120,0.744687014011933
PRF,Physics-free,5,20,0.5567932352226274
PRF,Physics-free,5,30,0.5986893100106108
PRF,Physics-free,5,40,0.6314122547124902
PRF,Physics-free,5,50,0.6511531719688471
PRF,Physics-free,5,60,0.6734228685273348
PRF,Physics-free,5,70,0.6964182109590424
PRF,Physics-free,5,80,0.7046824644168662
PRF,Physics-free,5,90,0.7054895108516338
PRF,Physics-free,5,100,0.712974124685788
PRF,Physics-free,5,110,0.7212768841195563
PRF,Physics-free,5,120,0.7355772103938557
PRF,Physics-free,6,20,0.5657010324739429
PRF,Physics-free,6,30,0.6151053187320049
PRF,Physics-free,6,40,0.6451540321624676
PRF,Physics-free,6,50,0.668328606135089
PRF,Physics-free,6,60,0.6878784058430293
PRF,Physics-free,6,70,0.713009106995473
PRF,Physics-free,6,80,0.713009106995473
PRF,Physics-free,6,90,0.7242342773436499
PRF,Physics-free,6,100,0.7242342773436499
PRF,Physics-free,6,110,0.7293087510401314
PRF,Physics-free,6,120,0.7293087510401314
PRF,Physics-free,7,20,0.5509449028526429
PRF,Physics-free,7,30,0.6061611011889325
PRF,Physics-free,7,40,0.6464000146853117
PRF,Physics-free,7,50,0.6822191768354333
PRF,Physics-free,7,60,0.6952385132727134
PRF,Physics-free,7,70,0.7118234356389427
PRF,Physics-free,7,80,0.7291805218728631
PRF,Physics-free,7,90,0.7350199339306013
PRF,Physics-free,7,100,0.7420907582427633
PRF,Physics-free,7,110,0.7470130340303572
PRF,Physics-free,7,120,0.752711454408428
PRF,Physics-free,8,20,0.5648965424495181
PRF,Physics-free,8,30,0.5964204091958518
PRF,Physics-free,8,40,0.6413478203424501
PRF,Physics-free,8,50,0.6604105321507994
PRF,Physics-free,8,60,0.6869755152492081
PRF,Physics-free,8,70,0.6909690225651987
PRF,Physics-free,8,80,0.712679518560448
PRF,Physics-free,8,90,0.7178088195255489
PRF,Physics-free,8,100,0.7222835501205033
PRF,Physics-free,8,110,0.7303442333294299
PRF,Physics-free,8,120,0.7333082224627311
PRF,Physics-free,9,20,0.5655760857309079
PRF,Physics-free,9,30,0.6154943437450919
PRF,Physics-free,9,40,0.6515361870151278
PRF,Physics-free,9,50,0.6795352213073281
PRF,Physics-free,9,60,0.6935406048525096
PRF,Physics-free,9,70,0.7168083653074934
PRF,Physics-free,9,80,0.720810483806975
PRF,Physics-free,9,90,0.7278395257216441
PRF,Physics-free,9,100,0.7303497853328882
PRF,Physics-free,9,110,0.7455296140343695
PRF,Physics-free,9,120,0.7455296140343695
PRF,Physics-free,10,20,0.557980817831478
PRF,Physics-free,10,30,0.6054515598323382
PRF,Physics-free,10,40,0.6414269664112043
PRF,Physics-free,10,50,0.6719691054856026
PRF,Physics-free,10,60,0.6820907227756268
PRF,Physics-free,10,70,0.6957280950016074
PRF,Physics-free,10,80,0.7151814629022447
PRF,Physics-free,10,90,0.71889972079697
PRF,Physics-free,10,100,0.7234846988239539
PRF,Physics-free,10,110,0.726615671326331
PRF,Physics-free,10,120,0.7316032560682973
PRF,Physics-free,11,20,0.5686611091136422
PRF,Physics-free,11,30,0.6328918630457145
PRF,Physics-free,11,40,0.6610417960175312
PRF,Physics-free,11,50,0.6936849416629984
PRF,Physics-free,11,60,0.7090230008759859
PRF,Physics-free,11,70,0.7246616605397269
PRF,Physics-free,11,80,0.7367714060111528
PRF,Physics-free,11,90,0.7438367655271457
PRF,Physics-free,11,100,0.7438367655271457
PRF,Physics-free,11,110,0.7494205623812649
PRF,Physics-free,11,120,0.7561125360839721
PRF,Physics-free,12,20,0.5653928455789112
PRF,Physics-free,12,30,0.6133057730034803
PRF,Physics-free,12,40,0.6552506338023767
PRF,Physics-free,12,50,0.6820912332677975
PRF,Physics-free,12,60,0.703153639444379
PRF,Physics-free,12,70,0.7236271825621962
PRF,Physics-free,12,80,0.7327005020768087
PRF,Physics-free,12,90,0.735384684388876
PRF,Physics-free,12,100,0.7500373344260252
PRF,Physics-free,12,110,0.7515975450384111
PRF,Physics-free,12,120,0.7523733366226564
PRF,Physics-free,13,20,0.5593971311180453
PRF,Physics-free,13,30,0.6000721624190549
PRF,Physics-free,13,40,0.6328998654538733
PRF,Physics-free,13,50,0.6562337894679368
PRF,Physics-free,13,60,0.6803212019456746
PRF,Physics-free,13,70,0.696450923528144
PRF,Physics-free,13,80,0.7002384358491541
PRF,Physics-free,13,90,0.7187557477124458
PRF,Physics-free,13,100,0.7198328063990518
PRF,Physics-free,13,110,0.7307361827535951
PRF,Physics-free,13,120,0.7326572974822084
PRF,Physics-free,14,20,0.5647473074730543
PRF,Physics-free,14,30,0.6150607273728872
PRF,Physics-free,14,40,0.644408734796395
PRF,Physics-free,14,50,0.670938523066931
PRF,Physics-free,14,60,0.6992841256769712
PRF,Physics-free,14,70,0.705146066564651
PRF,Physics-free,14,80,0.7276842109169955
PRF,Physics-free,14,90,0.7339350961862181
PRF,Physics-free,14,100,0.7368419967579822
PRF,Physics-free,14,110,0.7389195703872458
PRF,Physics-free,14,120,0.7420099520744247
PRF,Physics-free,15,20,0.5518923946499636
PRF,Physics-free,15,30,0.5959608571781144
PRF,Physics-free,15,40,0.630559746271387
PRF,Physics-free,15,50,0.6650612815917142
PRF,Physics-free,15,60,0.6857655890263616
PRF,Physics-free,15,70,0.6910537293487555
PRF,Physics-free,15,80,0.7044018866494123
PRF,Physics-free,15,90,0.715284282135654
PRF,Physics-free,15,100,0.7306823234560046
PRF,Physics-free,15,110,0.7324693014742765
PRF,Physics-free,15,120,0.7324693014742765
PRF,MF-SAEA,1,20,0.5734805173936409
PRF,MF-SAEA,1,30,0.6281789836192245
PRF,MF-SAEA,1,40,0.6625276784938994
PRF,MF-SAEA,1,50,0.7043766292512744
PRF,MF-SAEA,1,60,0.7181054263379318
PRF,MF-SAEA,1,70,0.7352957500433887
PRF,MF-SAEA,1,80,0.7463731851153114
PRF,MF-SAEA,1,90,0.7512247578912133
PRF,MF-SAEA,1,100,0.7592010275649098
PRF,MF-SAEA,1,110,0.7705372158401519
PRF,MF-SAEA,1,120,0.7705372158401519
PRF,MF-SAEA,2,20,0.584769430050034
PRF,MF-SAEA,2,30,0.6403455400555113
PRF,MF-SAEA,2,40,0.6952220158254772
PRF,MF-SAEA,2,50,0.7259782990388401
PRF,MF-SAEA,2,60,0.7493746956595688
PRF,MF-SAEA,2,70,0.7588378730804024
PRF,MF-SAEA,2,80,0.7695748738784883
PRF,MF-SAEA,2,90,0.7786719426570144
PRF,MF-SAEA,2,100,0.7799565237334227
PRF,MF-SAEA,2,110,0.7930590138488084
PRF,MF-SAEA,2,120,0.7930590138488084
PRF,MF-SAEA,3,20,0.5854348884781875
PRF,MF-SAEA,3,30,0.63953142892328
PRF,MF-SAEA,3,40,0.6879552099902995
PRF,MF-SAEA,3,50,0.723079276626823
PRF,MF-SAEA,3,60,0.7558105737991482
PRF,MF-SAEA,3,70,0.7595652132298091
PRF,MF-SAEA,3,80,0.7660583857445203
PRF,MF-SAEA,3,90,0.7746481333990397
PRF,MF-SAEA,3,100,0.775033333892837
PRF,MF-SAEA,3,110,0.7805105647661859
PRF,MF-SAEA,3,120,0.7950728386132899
PRF,MF-SAEA,4,20,0.5682902451876123
PRF,MF-SAEA,4,30,0.6284379920401557
PRF,MF-SAEA,4,40,0.6723590268440651
PRF,MF-SAEA,4,50,0.7157031171229368
PRF,MF-SAEA,4,60,0.7157031171229368
PRF,MF-SAEA,4,70,0.7340215423186336
PRF,MF-SAEA,4,80,0.7541357926194755
PRF,MF-SAEA,4,90,0.7583358769781179
PRF,MF-SAEA,4,100,0.7678806529225323
PRF,MF-SAEA,4,110,0.7678806529225323
PRF,MF-SAEA,4,120,0.7678806529225323
PRF,MF-SAEA,5,20,0.5622231691485357
PRF,MF-SAEA,5,30,0.6120492431614907
PRF,MF-SAEA,5,40,0.6651360392747625
PRF,MF-SAEA,5,50,0.6879195675414006
PRF,MF-SAEA,5,60,0.7049486526105578
PRF,MF-SAEA,5,70,0.7228186611843295
PRF,MF-SAEA,5,80,0.7431296748331152
PRF,MF-SAEA,5,90,0.754510358077217
PRF,MF-SAEA,5,100,0.7564447722208449
PRF,MF-SAEA,5,110,0.7580762909771955
PRF,MF-SAEA,5,120,0.7598229455839556
PRF,MF-SAEA,6,20,0.5779189846714566
PRF,MF-SAEA,6,30,0.6408058085856561
PRF,MF-SAEA,6,40,0.6756313874491695
PRF,MF-SAEA,6,50,0.7174145698839512
PRF,MF-SAEA,6,60,0.7379680983472694
PRF,MF-SAEA,6,70,0.7482341508555006
PRF,MF-SAEA,6,80,0.7649805781581459
PRF,MF-SAEA,6,90,0.7790178223190988
PRF,MF-SAEA,6,100,0.7817679852721022
PRF,MF-SAEA,6,110,0.7817679852721022
PRF,MF-SAEA,6,120,0.7857320973448472
PRF,MF-SAEA,7,20,0.5717365124799209
PRF,MF-SAEA,7,30,0.6247331739714472
PRF,MF-SAEA,7,40,0.6717820785161529
PRF,MF-SAEA,7,50,0.6972560936487562
PRF,MF-SAEA,7,60,0.7209656469675956
PRF,MF-SAEA,7,70,0.7394401639489002
PRF,MF-SAEA,7,80,0.7551961929365071
PRF,MF-SAEA,7,90,0.7551961929365071
PRF,MF-SAEA,7,100,0.7652345528461206
PRF,MF-SAEA,7,110,0.7652345528461206
PRF,MF-SAEA,7,120,0.770470602961306
PRF,MF-SAEA,8,20,0.5802515386322357
PRF,MF-SAEA,8,30,0.633733882961452
PRF,MF-SAEA,8,40,0.6768107263172711
PRF,MF-SAEA,8,50,0.7100000572750971
PRF,MF-SAEA,8,60,0.7387215660025155
PRF,MF-SAEA,8,70,0.7449608273410664
PRF,MF-SAEA,8,80,0.7624954311891454
PRF,MF-SAEA,8,90,0.7653972791724052
PRF,MF-SAEA,8,100,0.7776551018768226
PRF,MF-SAEA,8,110,0.7823740552261671
PRF,MF-SAEA,8,120,0.7872249514781855
PRF,MF-SAEA,9,20,0.5881811345024941
PRF,MF-SAEA,9,30,0.6477224534707569
PRF,MF-SAEA,9,40,0.6962724398048603
PRF,MF-SAEA,9,50,0.7216300070220725
PRF,MF-SAEA,9,60,0.7329067917646043
PRF,MF-SAEA,9,70,0.7586221946634469
PRF,MF-SAEA,9,80,0.7667544088017787
PRF,MF-SAEA,9,90,0.7667544088017787
PRF,MF-SAEA,9,100,0.7769888630259184
PRF,MF-SAEA,9,110,0.7837607309932768
PRF,MF-SAEA,9,120,0.7911774564904277
PRF,MF-SAEA,10,20,0.5786337170756873
PRF,MF-SAEA,10,30,0.6398051060476643
PRF,MF-SAEA,10,40,0.6851462723710613
PRF,MF-SAEA,10,50,0.7080073268653716
PRF,MF-SAEA,10,60,0.7296252214346886
PRF,MF-SAEA,10,70,0.7411492632970375
PRF,MF-SAEA,10,80,0.7610790882475369
PRF,MF-SAEA,10,90,0.7634051449846644
PRF,MF-SAEA,10,100,0.764260563310038
PRF,MF-SAEA,10,110,0.7770212820980323
PRF,MF-SAEA,10,120,0.7862321271898701
PRF,MF-SAEA,11,20,0.5882677947045073
PRF,MF-SAEA,11,30,0.6513304638407226
PRF,MF-SAEA,11,40,0.6978965285525573
PRF,MF-SAEA,11,50,0.7237281991313266
PRF,MF-SAEA,11,60,0.7390260213106573
PRF,MF-SAEA,11,70,0.7605027541988053
PRF,MF-SAEA,11,80,0.7718558877603301
PRF,MF-SAEA,11,90,0.7718558877603301
PRF,MF-SAEA,11,100,0.7718558877603301
PRF,MF-SAEA,11,110,0.7798932136243443
PRF,MF-SAEA,11,120,0.7810838368918636
PRF,MF-SAEA,12,20,0.5779964305890061
PRF,MF-SAEA,12,30,0.636551791256276
PRF,MF-SAEA,12,40,0.687720615171695
PRF,MF-SAEA,12,50,0.7172397295206293
PRF,MF-SAEA,12,60,0.7306543621532874
PRF,MF-SAEA,12,70,0.7609878610308732
PRF,MF-SAEA,12,80,0.7628970524027613
PRF,MF-SAEA,12,90,0.774307574020906
PRF,MF-SAEA,12,100,0.7780643055860357
PRF,MF-SAEA,12,110,0.7780643055860357
PRF,MF-SAEA,12,120,0.793088122097207
PRF,MF-SAEA,13,20,0.5757945933855498
PRF,MF-SAEA,13,30,0.6380841601414151
PRF,MF-SAEA,13,40,0.6815712142480145
PRF,MF-SAEA,13,50,0.7101375134859127
PRF,MF-SAEA,13,60,0.7309063830760928
PRF,MF-SAEA,13,70,0.7405063617577572
PRF,MF-SAEA,13,80,0.7560806423740997
PRF,MF-SAEA,13,90,0.7648236929952059
PRF,MF-SAEA,13,100,0.770307498488316
PRF,MF-SAEA,13,110,0.770307498488316
PRF,MF-SAEA,13,120,0.7714972050314497
PRF,MF-SAEA,14,20,0.5786145547965672
PRF,MF-SAEA,14,30,0.6543413309505028
PRF,MF-SAEA,14,40,0.6971692288329963
PRF,MF-SAEA,14,50,0.7288743696497891
PRF,MF-SAEA,14,60,0.7396390399493701
PRF,MF-SAEA,14,70,0.7616740525183484
PRF,MF-SAEA,14,80,0.7616740525183484
PRF,MF-SAEA,14,90,0.7781386104448009
PRF,MF-SAEA,14,100,0.7836365706842081
PRF,MF-SAEA,14,110,0.7836365706842081
PRF,MF-SAEA,14,120,0.7836365706842081
PRF,MF-SAEA,15,20,0.5788992332448485
PRF,MF-SAEA,15,30,0.6490137346006865
PRF,MF-SAEA,15,40,0.6888368659861286
PRF,MF-SAEA,15,50,0.7184908356765217
PRF,MF-SAEA,15,60,0.738626113556356
PRF,MF-SAEA,15,70,0.7440644374531585
PRF,MF-SAEA,15,80,0.7595415443517325
PRF,MF-SAEA,15,90,0.7595415443517325
PRF,MF-SAEA,15,100,0.7686821500970614
PRF,MF-SAEA,15,110,0.7816986330050341
PRF,MF-SAEA,15,120,0.7816986330050341
PRF,Proposed,1,20,0.6167739017917999
PRF,Proposed,1,30,0.7123465563308519
PRF,Proposed,1,40,0.7596557439059687
PRF,Proposed,1,50,0.8003758927278097
PRF,Proposed,1,60,0.824129841844383
PRF,Proposed,1,70,0.8291916302774219
PRF,Proposed,1,80,0.8465669844119011
PRF,Proposed,1,90,0.8465669844119011
PRF,Proposed,1,100,0.8465669844119011
PRF,Proposed,1,110,0.8524294691992235
PRF,Proposed,1,120,0.853467412672132
PRF,Proposed,2,20,0.607491573690542
PRF,Proposed,2,30,0.6967938378019076
PRF,Proposed,2,40,0.7589346895064581
PRF,Proposed,2,50,0.7863188926499832
PRF,Proposed,2,60,0.8095707458910358
PRF,Proposed,2,70,0.8248395700083452
PRF,Proposed,2,80,0.8267061741336196
PRF,Proposed,2,90,0.83832119010368
PRF,Proposed,2,100,0.8423504192255943
PRF,Proposed,2,110,0.8423504192255943
PRF,Proposed,2,120,0.8482454399177625
PRF,Proposed,3,20,0.6333315307522808
PRF,Proposed,3,30,0.70917941899315
PRF,Proposed,3,40,0.7650942106931002
PRF,Proposed,3,50,0.8085187933110585
PRF,Proposed,3,60,0.8263503059665663
PRF,Proposed,3,70,0.8290692761896498
PRF,Proposed,3,80,0.8373660148565918
PRF,Proposed,3,90,0.8442569858032613
PRF,Proposed,3,100,0.8482780060624818
PRF,Proposed,3,110,0.8482780060624818
PRF,Proposed,3,120,0.8482780060624818
PRF,Proposed,4,20,0.6028370589469101
PRF,Proposed,4,30,0.6949152989915272
PRF,Proposed,4,40,0.756324297266916
PRF,Proposed,4,50,0.784518910115147
PRF,Proposed,4,60,0.8019616955584378
PRF,Proposed,4,70,0.8240932175021026
PRF,Proposed,4,80,0.8336086095885678
PRF,Proposed,4,90,0.8384475799736885
PRF,Proposed,4,100,0.8447260998099785
PRF,Proposed,4,110,0.8447260998099785
PRF,Proposed,4,120,0.8447260998099785
PRF,Proposed,5,20,0.6078422522812921
PRF,Proposed,5,30,0.6938917639746789
PRF,Proposed,5,40,0.7496436866650329
PRF,Proposed,5,50,0.7812023223917821
PRF,Proposed,5,60,0.804796899643637
PRF,Proposed,5,70,0.8158604437955994
PRF,Proposed,5,80,0.8208099477504721
PRF,Proposed,5,90,0.8219906917802321
PRF,Proposed,5,100,0.8353902221529331
PRF,Proposed,5,110,0.8353902221529331
PRF,Proposed,5,120,0.8424722413739424
PRF,Proposed,6,20,0.6118806192385915
PRF,Proposed,6,30,0.6871767211511938
PRF,Proposed,6,40,0.7369109037022211
PRF,Proposed,6,50,0.7743908618803403
PRF,Proposed,6,60,0.7872407756439883
PRF,Proposed,6,70,0.807907225558511
PRF,Proposed,6,80,0.8183271591051652
PRF,Proposed,6,90,0.8221581802676894
PRF,Proposed,6,100,0.831266160812008
PRF,Proposed,6,110,0.831266160812008
PRF,Proposed,6,120,0.831266160812008
PRF,Proposed,7,20,0.6049995644468619
PRF,Proposed,7,30,0.6972774969637211
PRF,Proposed,7,40,0.7542963242471814
PRF,Proposed,7,50,0.7881692011264556
PRF,Proposed,7,60,0.8005948241454965
PRF,Proposed,7,70,0.8295473240965963
PRF,Proposed,7,80,0.8349572345976504
PRF,Proposed,7,90,0.8363166951732653
PRF,Proposed,7,100,0.8366545447068776
PRF,Proposed,7,110,0.841580992881227
PRF,Proposed,7,120,0.8437196384248241
PRF,Proposed,8,20,0.6272679782733637
PRF,Proposed,8,30,0.7183103580503502
PRF,Proposed,8,40,0.7745033779402732
PRF,Proposed,8,50,0.7915670577115755
PRF,Proposed,8,60,0.8282260444452951
PRF,Proposed,8,70,0.8383334102575264
PRF,Proposed,8,80,0.8504014869605014
PRF,Proposed,8,90,0.8504014869605014
PRF,Proposed,8,100,0.8577554098682529
PRF,Proposed,8,110,0.8577554098682529
PRF,Proposed,8,120,0.8577554098682529
PRF,Proposed,9,20,0.6222272987884823
PRF,Proposed,9,30,0.7038038298756584
PRF,Proposed,9,40,0.7482604819329136
PRF,Proposed,9,50,0.7891282940420643
PRF,Proposed,9,60,0.8145346457007907
PRF,Proposed,9,70,0.8275322463082522
PRF,Proposed,9,80,0.8424470936117291
PRF,Proposed,9,90,0.8424470936117291
PRF,Proposed,9,100,0.849527301094599
PRF,Proposed,9,110,0.849527301094599
PRF,Proposed,9,120,0.8513014016073724
PRF,Proposed,10,20,0.6034875598418538
PRF,Proposed,10,30,0.6860462849229406
PRF,Proposed,10,40,0.732094928839301
PRF,Proposed,10,50,0.7760325450013066
PRF,Proposed,10,60,0.7843873499621449
PRF,Proposed,10,70,0.8014506513020232
PRF,Proposed,10,80,0.8190512900211706
PRF,Proposed,10,90,0.8211600130471802
PRF,Proposed,10,100,0.829430156581974
PRF,Proposed,10,110,0.829430156581974
PRF,Proposed,10,120,0.8328795195228553
PRF,Proposed,11,20,0.6068972447408175
PRF,Proposed,11,30,0.686364438793201
PRF,Proposed,11,40,0.7507690763026543
PRF,Proposed,11,50,0.784117476977917
PRF,Proposed,11,60,0.8050169031086726
PRF,Proposed,11,70,0.8204263023910827
PRF,Proposed,11,80,0.8276951709908467
PRF,Proposed,11,90,0.8276951709908467
PRF,Proposed,11,100,0.8306547596178819
PRF,Proposed,11,110,0.8361512762644673
PRF,Proposed,11,120,0.8361512762644673
PRF,Proposed,12,20,0.6047662064233563
PRF,Proposed,12,30,0.6958264996052452
PRF,Proposed,12,40,0.7451969670369778
PRF,Proposed,12,50,0.7863990217364663
PRF,Proposed,12,60,0.8065744497843751
PRF,Proposed,12,70,0.8279908186014385
PRF,Proposed,12,80,0.8331752884384933
PRF,Proposed,12,90,0.8399344187171204
PRF,Proposed,12,100,0.8399344187171204
PRF,Proposed,12,110,0.8399344187171204
PRF,Proposed,12,120,0.8418637614501489
PRF,Proposed,13,20,0.6106602333943932
PRF,Proposed,13,30,0.6956818133810521
PRF,Proposed,13,40,0.7482179673702812
PRF,Proposed,13,50,0.7830158817763448
PRF,Proposed,13,60,0.8002981249452966
PRF,Proposed,13,70,0.8148905031428585
PRF,Proposed,13,80,0.8320676687561032
PRF,Proposed,13,90,0.8320676687561032
PRF,Proposed,13,100,0.8325649581650526
PRF,Proposed,13,110,0.8360242506752333
PRF,Proposed,13,120,0.8429365121083668
PRF,Proposed,14,20,0.6188426401704964
PRF,Proposed,14,30,0.7082009492639814
PRF,Proposed,14,40,0.7652162229168727
PRF,Proposed,14,50,0.8002418856446504
PRF,Proposed,14,60,0.8157407033351528
PRF,Proposed,14,70,0.827673085044321
PRF,Proposed,14,80,0.8430445183974145
PRF,Proposed,14,90,0.8430445183974145
PRF,Proposed,14,100,0.8469903626186674
PRF,Proposed,14,110,0.8472890451755316
PRF,Proposed,14,120,0.8472890451755316
PRF,Proposed,15,20,0.6029118288992185
PRF,Proposed,15,30,0.6962331622440031
PRF,Proposed,15,40,0.7538210284812478
PRF,Proposed,15,50,0.7853896378043266
PRF,Proposed,15,60,0.8083900903789019
PRF,Proposed,15,70,0.8207717149146123
PRF,Proposed,15,80,0.8295229868853062
PRF,Proposed,15,90,0.8295229868853062
PRF,Proposed,15,100,0.8353021634144686
PRF,Proposed,15,110,0.8431115773460722
PRF,Proposed,15,120,0.8431115773460722
