scenario,method,run,coverage,risk
In domain,Variance gate,1,0.3,0.03317166218908713
In domain,Variance gate,1,0.35,0.03292703257854293
In domain,Variance gate,1,0.39999999999999997,0.03330617839098848
In domain,Variance gate,1,0.44999999999999996,0.04227252984279935
In domain,Variance gate,1,0.5,0.042547596772906655
In domain,Variance gate,1,0.5499999999999999,0.04157402397183002
In domain,Variance gate,1,0.6,0.0480316311169832
In domain,Variance gate,1,0.6499999999999999,0.0533239040660105
In domain,Variance gate,1,0.7,0.05567723151837412
In domain,Variance gate,1,0.75,0.06000392139808905
In domain,Variance gate,1,0.7999999999999999,0.06446925208538225
In domain,Variance gate,1,0.8499999999999999,0.06263833739445064
In domain,Variance gate,1,0.8999999999999999,0.07652977357379488
In domain,Variance gate,1,0.95,0.07862425451193829
In domain,Variance gate,1,1.0,0.08385606266471331
In domain,Variance gate,2,0.3,0.03808767677866938
In domain,Variance gate,2,0.35,0.02991685597207285
In domain,Variance gate,2,0.39999999999999997,0.03489924713097848
In domain,Variance gate,2,0.44999999999999996,0.038571439726459586
In domain,Variance gate,2,0.5,0.04491711077562316
In domain,Variance gate,2,0.5499999999999999,0.04463381424036843
In domain,Variance gate,2,0.6,0.04322723739565346
In domain,Variance gate,2,0.6499999999999999,0.054598170596265025
In domain,Variance gate,2,0.7,0.05537838337865705
In domain,Variance gate,2,0.75,0.058009023104299486
In domain,Variance gate,2,0.7999999999999999,0.06484425962645658
In domain,Variance gate,2,0.8499999999999999,0.06314989976174422
In domain,Variance gate,2,0.8999999999999999,0.07648394786159073
In domain,Variance gate,2,0.95,0.08039743635022557
In domain,Variance gate,2,1.0,0.07987317864439306
In domain,Variance gate,3,0.3,0.0320319301375214
In domain,Variance gate,3,0.35,0.03825627149168223
In domain,Variance gate,3,0.39999999999999997,0.036957554410676566
In domain,Variance gate,3,0.44999999999999996,0.03659323171218023
In domain,Variance gate,3,0.5,0.044235865430597356
In domain,Variance gate,3,0.5499999999999999,0.04652028193015944
In domain,Variance gate,3,0.6,0.052541769911161995
In domain,Variance gate,3,0.6499999999999999,0.04556276114838702
In domain,Variance gate,3,0.7,0.0563700713723369
In domain,Variance gate,3,0.75,0.06025118429295795
In domain,Variance gate,3,0.7999999999999999,0.06191690990922412
In domain,Variance gate,3,0.8499999999999999,0.07444966057956118
In domain,Variance gate,3,0.8999999999999999,0.07349315506269165
In domain,Variance gate,3,0.95,0.07864726987599119
In domain,Variance gate,3,1.0,0.08768894195273479
In domain,Variance gate,4,0.3,0.036935148091677604
In domain,Variance gate,4,0.35,0.036617237262205025
In domain,Variance gate,4,0.39999999999999997,0.041602351065202096
In domain,Variance gate,4,0.44999999999999996,0.03205108841493589
In domain,Variance gate,4,0.5,0.04371289968227694
In domain,Variance gate,4,0.5499999999999999,0.039357799907651696
In domain,Variance gate,4,0.6,0.0479529022742308
In domain,Variance gate,4,0.6499999999999999,0.05240435014143268
In domain,Variance gate,4,0.7,0.05594186402497266
In domain,Variance gate,4,0.75,0.059917108219797954
In domain,Variance gate,4,0.7999999999999999,0.06531649654562018
In domain,Variance gate,4,0.8499999999999999,0.07002291567148788
In domain,Variance gate,4,0.8999999999999999,0.06948746378954666
In domain,Variance gate,4,0.95,0.08384012121314594
In domain,Variance gate,4,1.0,0.08521839892864727
In domain,Variance gate,5,0.3,0.03625303224942436
In domain,Variance gate,5,0.35,0.034671345937188236
In domain,Variance gate,5,0.39999999999999997,0.03545663548794284
In domain,Variance gate,5,0.44999999999999996,0.03354722164816181
In domain,Variance gate,5,0.5,0.037136894159546886
In domain,Variance gate,5,0.5499999999999999,0.043234966880855034
In domain,Variance gate,5,0.6,0.047629749861847176
In domain,Variance gate,5,0.6499999999999999,0.05084792735907389
In domain,Variance gate,5,0.7,0.053852205926826234
In domain,Variance gate,5,0.75,0.058232142360283366
In domain,Variance gate,5,0.7999999999999999,0.0613293268366503
In domain,Variance gate,5,0.8499999999999999,0.06886407004570576
In domain,Variance gate,5,0.8999999999999999,0.07083710182605027
In domain,Variance gate,5,0.95,0.07345472207445983
In domain,Variance gate,5,1.0,0.07954730116279139
In domain,Variance gate,6,0.3,0.031434953368959496
In domain,Variance gate,6,0.35,0.037391377588254886
In domain,Variance gate,6,0.39999999999999997,0.04181930386882434
In domain,Variance gate,6,0.44999999999999996,0.03628173533048057
In domain,Variance gate,6,0.5,0.04553658126648156
In domain,Variance gate,6,0.5499999999999999,0.04718497017384167
In domain,Variance gate,6,0.6,0.043892270130192514
In domain,Variance gate,6,0.6499999999999999,0.05342944735346024
In domain,Variance gate,6,0.7,0.059636354285040924
In domain,Variance gate,6,0.75,0.05469287974949642
In domain,Variance gate,6,0.7999999999999999,0.06325003287724845
In domain,Variance gate,6,0.8499999999999999,0.06403856633041616
In domain,Variance gate,6,0.8999999999999999,0.07678302602518482
In domain,Variance gate,6,0.95,0.07610503565008948
In domain,Variance gate,6,1.0,0.08575985140732749
In domain,Variance gate,7,0.3,0.031807288175690035
In domain,Variance gate,7,0.35,0.02918328516280308
In domain,Variance gate,7,0.39999999999999997,0.03846875381651589
In domain,Variance gate,7,0.44999999999999996,0.043219111883868074
In domain,Variance gate,7,0.5,0.041667247002536774
In domain,Variance gate,7,0.5499999999999999,0.041720105524851274
In domain,Variance gate,7,0.6,0.04901341689989741
In domain,Variance gate,7,0.6499999999999999,0.04842598300743616
In domain,Variance gate,7,0.7,0.04740260058528823
In domain,Variance gate,7,0.75,0.059012625642461514
In domain,Variance gate,7,0.7999999999999999,0.0685757755585686
In domain,Variance gate,7,0.8499999999999999,0.06866561327766704
In domain,Variance gate,7,0.8999999999999999,0.0730887667303453
In domain,Variance gate,7,0.95,0.07746918532704365
In domain,Variance gate,7,1.0,0.09217397243728859
In domain,Variance gate,8,0.3,0.03409533117218989
In domain,Variance gate,8,0.35,0.034074921702087375
In domain,Variance gate,8,0.39999999999999997,0.04019580270511889
In domain,Variance gate,8,0.44999999999999996,0.03858727161971362
In domain,Variance gate,8,0.5,0.03954261823298999
In domain,Variance gate,8,0.5499999999999999,0.039594735765499524
In domain,Variance gate,8,0.6,0.04650711617096648
In domain,Variance gate,8,0.6499999999999999,0.054072843045103236
In domain,Variance gate,8,0.7,0.06240615112461325
In domain,Variance gate,8,0.75,0.05783430416747758
In domain,Variance gate,8,0.7999999999999999,0.05776573763241309
In domain,Variance gate,8,0.8499999999999999,0.06518283772378544
In domain,Variance gate,8,0.8999999999999999,0.0715047000251463
In domain,Variance gate,8,0.95,0.07555218020233569
In domain,Variance gate,8,1.0,0.08112486444093908
In domain,Variance gate,9,0.3,0.03369043902033237
In domain,Variance gate,9,0.35,0.035415101057568794
In domain,Variance gate,9,0.39999999999999997,0.03892799353108472
In domain,Variance gate,9,0.44999999999999996,0.04323964229414619
In domain,Variance gate,9,0.5,0.04225173879209819
In domain,Variance gate,9,0.5499999999999999,0.05121678299676474
In domain,Variance gate,9,0.6,0.04541893631803109
In domain,Variance gate,9,0.6499999999999999,0.05336262951653186
In domain,Variance gate,9,0.7,0.057567606235803315
In domain,Variance gate,9,0.75,0.05968827919649922
In domain,Variance gate,9,0.7999999999999999,0.0626261158001075
In domain,Variance gate,9,0.8499999999999999,0.0690804305091324
In domain,Variance gate,9,0.8999999999999999,0.07448637384013669
In domain,Variance gate,9,0.95,0.07967104026775268
In domain,Variance gate,9,1.0,0.08135411164172261
In domain,Variance gate,10,0.3,0.029165184130623387
In domain,Variance gate,10,0.35,0.03983438843443062
In domain,Variance gate,10,0.39999999999999997,0.03594307765856187
In domain,Variance gate,10,0.44999999999999996,0.03593886132944109
In domain,Variance gate,10,0.5,0.04137005217591713
In domain,Variance gate,10,0.5499999999999999,0.03981957430770411
In domain,Variance gate,10,0.6,0.04390878767307495
In domain,Variance gate,10,0.6499999999999999,0.054440109850624314
In domain,Variance gate,10,0.7,0.05970961781153935
In domain,Variance gate,10,0.75,0.058906340783160864
In domain,Variance gate,10,0.7999999999999999,0.061557800467703296
In domain,Variance gate,10,0.8499999999999999,0.07401329503392927
In domain,Variance gate,10,0.8999999999999999,0.06763974270221446
In domain,Variance gate,10,0.95,0.0784074811504271
In domain,Variance gate,10,1.0,0.08231555096019455
In domain,Variance gate,11,0.3,0.028579035065579225
In domain,Variance gate,11,0.35,0.03247473972797421
In domain,Variance gate,11,0.39999999999999997,0.03792654846158567
In domain,Variance gate,11,0.44999999999999996,0.03762646666763443
In domain,Variance gate,11,0.5,0.04181918477863073
In domain,Variance gate,11,0.5499999999999999,0.039953837765716975
In domain,Variance gate,11,0.6,0.048178642136066076
In domain,Variance gate,11,0.6499999999999999,0.04905751940661291
In domain,Variance gate,11,0.7,0.05626670854250186
In domain,Variance gate,11,0.75,0.05886301563879816
In domain,Variance gate,11,0.7999999999999999,0.05896883987163096
In domain,Variance gate,11,0.8499999999999999,0.06328049356730175
In domain,Variance gate,11,0.8999999999999999,0.07189257499177837
In domain,Variance gate,11,0.95,0.07553878348622405
In domain,Variance gate,11,1.0,0.08373853439542012
In domain,Variance gate,12,0.3,0.03526381959816949
In domain,Variance gate,12,0.35,0.03853303298197405
In domain,Variance gate,12,0.39999999999999997,0.037130339364845215
In domain,Variance gate,12,0.44999999999999996,0.044723475083306256
In domain,Variance gate,12,0.5,0.04459398688835672
In domain,Variance gate,12,0.5499999999999999,0.0493612595859493
In domain,Variance gate,12,0.6,0.0401906003808221
In domain,Variance gate,12,0.6499999999999999,0.05368562993435786
In domain,Variance gate,12,0.7,0.05317198441508125
In domain,Variance gate,12,0.75,0.05567922619159603
In domain,Variance gate,12,0.7999999999999999,0.06564911443582433
In domain,Variance gate,12,0.8499999999999999,0.06820042397081234
In domain,Variance gate,12,0.8999999999999999,0.07002716792463069
In domain,Variance gate,12,0.95,0.07736480918741502
In domain,Variance gate,12,1.0,0.08243102208350205
In domain,Variance gate,13,0.3,0.03218491451744414
In domain,Variance gate,13,0.35,0.0349839069406156
In domain,Variance gate,13,0.39999999999999997,0.03273849340156715
In domain,Variance gate,13,0.44999999999999996,0.03659058630850925
In domain,Variance gate,13,0.5,0.035447835007720904
In domain,Variance gate,13,0.5499999999999999,0.04353408827377683
In domain,Variance gate,13,0.6,0.04906988228833257
In domain,Variance gate,13,0.6499999999999999,0.046935213975199286
In domain,Variance gate,13,0.7,0.052830483251033296
In domain,Variance gate,13,0.75,0.062495588087938175
In domain,Variance gate,13,0.7999999999999999,0.06494974612522528
In domain,Variance gate,13,0.8499999999999999,0.06980613616454405
In domain,Variance gate,13,0.8999999999999999,0.07313927075613039
In domain,Variance gate,13,0.95,0.07576315363385483
In domain,Variance gate,13,1.0,0.08095449461135013
In domain,Variance gate,14,0.3,0.028459971815002635
In domain,Variance gate,14,0.35,0.03335672781092443
In domain,Variance gate,14,0.39999999999999997,0.035315418393576506
In domain,Variance gate,14,0.44999999999999996,0.03769194629302053
In domain,Variance gate,14,0.5,0.045075063523057214
In domain,Variance gate,14,0.5499999999999999,0.042400098635059114
In domain,Variance gate,14,0.6,0.0443838835087927
In domain,Variance gate,14,0.6499999999999999,0.050400998279035096
In domain,Variance gate,14,0.7,0.05978561475370364
In domain,Variance gate,14,0.75,0.057739801948370695
In domain,Variance gate,14,0.7999999999999999,0.07178705013245962
In domain,Variance gate,14,0.8499999999999999,0.06876797945157873
In domain,Variance gate,14,0.8999999999999999,0.06841697052240961
In domain,Variance gate,14,0.95,0.07952828286370978
In domain,Variance gate,14,1.0,0.081815825365919
In domain,Variance gate,15,0.3,0.033900196701982646
In domain,Variance gate,15,0.35,0.0368298110311285
In domain,Variance gate,15,0.39999999999999997,0.03168366018285796
In domain,Variance gate,15,0.44999999999999996,0.036572383560262635
In domain,Variance gate,15,0.5,0.04018419327610103
In domain,Variance gate,15,0.5499999999999999,0.042327558145269686
In domain,Variance gate,15,0.6,0.047940948994895746
In domain,Variance gate,15,0.6499999999999999,0.05090912096650094
In domain,Variance gate,15,0.7,0.054724283359031296
In domain,Variance gate,15,0.75,0.05855174225692074
In domain,Variance gate,15,0.7999999999999999,0.0663171752297249
In domain,Variance gate,15,0.8499999999999999,0.06376153315453356
In domain,Variance gate,15,0.8999999999999999,0.06459487059041874
In domain,Variance gate,15,0.95,0.07710014256224894
In domain,Variance gate,15,1.0,0.08079707547990753
In domain,Full gate,1,0.3,0.027732813922161623
In domain,Full gate,1,0.35,0.0279981004641369
In domain,Full gate,1,0.39999999999999997,0.02993468998123198
In domain,Full gate,1,0.44999999999999996,0.03281240713112283
In domain,Full gate,1,0.5,0.03181084085563532
In domain,Full gate,1,0.5499999999999999,0.03428622430798888
In domain,Full gate,1,0.6,0.040489277545055644
In domain,Full gate,1,0.6499999999999999,0.03924016400490278
In domain,Full gate,1,0.7,0.039627322817806884
In domain,Full gate,1,0.75,0.046040595364622454
In domain,Full gate,1,0.7999999999999999,0.051471495431983705
In domain,Full gate,1,0.8499999999999999,0.04637820638474234
In domain,Full gate,1,0.8999999999999999,0.05764768450337984
In domain,Full gate,1,0.95,0.05533479698792653
In domain,Full gate,1,1.0,0.06687930433893871
In domain,Full gate,2,0.3,0.02326208346369587
In domain,Full gate,2,0.35,0.021512802803878753
In domain,Full gate,2,0.39999999999999997,0.026199914805277412
In domain,Full gate,2,0.44999999999999996,0.029921282432450715
In domain,Full gate,2,0.5,0.026602659534242987
In domain,Full gate,2,0.5499999999999999,0.034947047324825495
In domain,Full gate,2,0.6,0.030102490798329818
In domain,Full gate,2,0.6499999999999999,0.039070874975322904
In domain,Full gate,2,0.7,0.04348762767489259
In domain,Full gate,2,0.75,0.050952239108086245
In domain,Full gate,2,0.7999999999999999,0.0494300140702288
In domain,Full gate,2,0.8499999999999999,0.04685826228174986
In domain,Full gate,2,0.8999999999999999,0.050988065280114764
In domain,Full gate,2,0.95,0.06424359364948945
In domain,Full gate,2,1.0,0.06518541588272275
In domain,Full gate,3,0.3,0.022891508251985677
In domain,Full gate,3,0.35,0.02111584847027535
In domain,Full gate,3,0.39999999999999997,0.029286732749906463
In domain,Full gate,3,0.44999999999999996,0.031551280909317296
In domain,Full gate,3,0.5,0.02656342151830359
In domain,Full gate,3,0.5499999999999999,0.03099704750779357
In domain,Full gate,3,0.6,0.03599350999406973
In domain,Full gate,3,0.6499999999999999,0.037189986113314435
In domain,Full gate,3,0.7,0.04140589769499471
In domain,Full gate,3,0.75,0.045589585724141644
In domain,Full gate,3,0.7999999999999999,0.04609362391052924
In domain,Full gate,3,0.8499999999999999,0.046538957748226153
In domain,Full gate,3,0.8999999999999999,0.05560874356668622
In domain,Full gate,3,0.95,0.05942779906430113
In domain,Full gate,3,1.0,0.06830038797632539
In domain,Full gate,4,0.3,0.023986998855686587
In domain,Full gate,4,0.35,0.02965567100684509
In domain,Full gate,4,0.39999999999999997,0.0247223396425858
In domain,Full gate,4,0.44999999999999996,0.026079391377876446
In domain,Full gate,4,0.5,0.034166457744336944
In domain,Full gate,4,0.5499999999999999,0.033804665316782105
In domain,Full gate,4,0.6,0.03850216142097279
In domain,Full gate,4,0.6499999999999999,0.03747382728680012
In domain,Full gate,4,0.7,0.0418212337747453
In domain,Full gate,4,0.75,0.044689064674769075
In domain,Full gate,4,0.7999999999999999,0.04995739998040854
In domain,Full gate,4,0.8499999999999999,0.04765194037520094
In domain,Full gate,4,0.8999999999999999,0.05534706320660178
In domain,Full gate,4,0.95,0.059540533123631605
In domain,Full gate,4,1.0,0.05911810726811163
In domain,Full gate,5,0.3,0.021728764425318504
In domain,Full gate,5,0.35,0.031368813494842246
In domain,Full gate,5,0.39999999999999997,0.02693088812078064
In domain,Full gate,5,0.44999999999999996,0.02955223051468756
In domain,Full gate,5,0.5,0.031071187735926247
In domain,Full gate,5,0.5499999999999999,0.03439206870255596
In domain,Full gate,5,0.6,0.038194929337346264
In domain,Full gate,5,0.6499999999999999,0.03698689931104573
In domain,Full gate,5,0.7,0.04399200553789523
In domain,Full gate,5,0.75,0.040397216632089304
In domain,Full gate,5,0.7999999999999999,0.04673231561823515
In domain,Full gate,5,0.8499999999999999,0.05663357390454625
In domain,Full gate,5,0.8999999999999999,0.05392350305095855
In domain,Full gate,5,0.95,0.05961782160137309
In domain,Full gate,5,1.0,0.06079634781262273
In domain,Full gate,6,0.3,0.025560582693052152
In domain,Full gate,6,0.35,0.02661774132293232
In domain,Full gate,6,0.39999999999999997,0.029965801796222175
In domain,Full gate,6,0.44999999999999996,0.02716782953227078
In domain,Full gate,6,0.5,0.02631169316801388
In domain,Full gate,6,0.5499999999999999,0.031735585044890866
In domain,Full gate,6,0.6,0.033275873281929616
In domain,Full gate,6,0.6499999999999999,0.03720657059905268
In domain,Full gate,6,0.7,0.04142245609833089
In domain,Full gate,6,0.75,0.0410127405531093
In domain,Full gate,6,0.7999999999999999,0.04735629697730857
In domain,Full gate,6,0.8499999999999999,0.04866432740602182
In domain,Full gate,6,0.8999999999999999,0.05378992805296799
In domain,Full gate,6,0.95,0.06188309304824453
In domain,Full gate,6,1.0,0.06551627154872228
In domain,Full gate,7,0.3,0.02242904475158794
In domain,Full gate,7,0.35,0.026638929768902843
In domain,Full gate,7,0.39999999999999997,0.025426268694424155
In domain,Full gate,7,0.44999999999999996,0.02981051725717654
In domain,Full gate,7,0.5,0.03303052108231726
In domain,Full gate,7,0.5499999999999999,0.03727776922678925
In domain,Full gate,7,0.6,0.04024806256300855
In domain,Full gate,7,0.6499999999999999,0.04007164314855917
In domain,Full gate,7,0.7,0.041124320553894485
In domain,Full gate,7,0.75,0.03987890975697094
In domain,Full gate,7,0.7999999999999999,0.04959675030845115
In domain,Full gate,7,0.8499999999999999,0.047253709731411686
In domain,Full gate,7,0.8999999999999999,0.055555918618311856
In domain,Full gate,7,0.95,0.05465484294475735
In domain,Full gate,7,1.0,0.06236668068143555
In domain,Full gate,8,0.3,0.024645277176661907
In domain,Full gate,8,0.35,0.02604225450621207
In domain,Full gate,8,0.39999999999999997,0.025959391062478025
In domain,Full gate,8,0.44999999999999996,0.028144351622492503
In domain,Full gate,8,0.5,0.028412896758591294
In domain,Full gate,8,0.5499999999999999,0.030659176595245863
In domain,Full gate,8,0.6,0.03514284292714716
In domain,Full gate,8,0.6499999999999999,0.041402438422737824
In domain,Full gate,8,0.7,0.04141369235577106
In domain,Full gate,8,0.75,0.04764326120725525
In domain,Full gate,8,0.7999999999999999,0.0450358828637824
In domain,Full gate,8,0.8499999999999999,0.05522040882386514
In domain,Full gate,8,0.8999999999999999,0.053182404262693876
In domain,Full gate,8,0.95,0.060686789235201655
In domain,Full gate,8,1.0,0.0627187574259472
In domain,Full gate,9,0.3,0.026360953181400828
In domain,Full gate,9,0.35,0.022963458077798093
In domain,Full gate,9,0.39999999999999997,0.02885844615548327
In domain,Full gate,9,0.44999999999999996,0.031270027008814795
In domain,Full gate,9,0.5,0.03226324601565369
In domain,Full gate,9,0.5499999999999999,0.02881474533521812
In domain,Full gate,9,0.6,0.03499714569631794
In domain,Full gate,9,0.6499999999999999,0.03622836529983604
In domain,Full gate,9,0.7,0.03851117654828586
In domain,Full gate,9,0.75,0.042114716037155206
In domain,Full gate,9,0.7999999999999999,0.04515922351537331
In domain,Full gate,9,0.8499999999999999,0.05604803784263107
In domain,Full gate,9,0.8999999999999999,0.05717180346444897
In domain,Full gate,9,0.95,0.05509127253285727
In domain,Full gate,9,1.0,0.06256437207405045
In domain,Full gate,10,0.3,0.02215208741966273
In domain,Full gate,10,0.35,0.025285993858103293
In domain,Full gate,10,0.39999999999999997,0.029325454985075272
In domain,Full gate,10,0.44999999999999996,0.02632266758878348
In domain,Full gate,10,0.5,0.0337256559285777
In domain,Full gate,10,0.5499999999999999,0.03379369818290274
In domain,Full gate,10,0.6,0.03727094328331316
In domain,Full gate,10,0.6499999999999999,0.03638217813925429
In domain,Full gate,10,0.7,0.04021058637542657
In domain,Full gate,10,0.75,0.044185561727337216
In domain,Full gate,10,0.7999999999999999,0.05371449556249755
In domain,Full gate,10,0.8499999999999999,0.05321488553186332
In domain,Full gate,10,0.8999999999999999,0.057133962276101936
In domain,Full gate,10,0.95,0.056763729112139526
In domain,Full gate,10,1.0,0.06101627689799846
In domain,Full gate,11,0.3,0.02668021505569832
In domain,Full gate,11,0.35,0.027630181935183015
In domain,Full gate,11,0.39999999999999997,0.028554933130770958
In domain,Full gate,11,0.44999999999999996,0.028961724295349763
In domain,Full gate,11,0.5,0.03519944323295143
In domain,Full gate,11,0.5499999999999999,0.042104137039174754
In domain,Full gate,11,0.6,0.035645507977091186
In domain,Full gate,11,0.6499999999999999,0.04032601299838661
In domain,Full gate,11,0.7,0.04445402264451298
In domain,Full gate,11,0.75,0.047737481142360434
In domain,Full gate,11,0.7999999999999999,0.04418216263038374
In domain,Full gate,11,0.8499999999999999,0.0575069700562756
In domain,Full gate,11,0.8999999999999999,0.05347036460770928
In domain,Full gate,11,0.95,0.05839303386985577
In domain,Full gate,11,1.0,0.059817472230718254
In domain,Full gate,12,0.3,0.025064810248036806
In domain,Full gate,12,0.35,0.027414713988264245
In domain,Full gate,12,0.39999999999999997,0.023548558232281937
In domain,Full gate,12,0.44999999999999996,0.03236631573245683
In domain,Full gate,12,0.5,0.030327345971778708
In domain,Full gate,12,0.5499999999999999,0.03646046313322328
In domain,Full gate,12,0.6,0.0343610743922165
In domain,Full gate,12,0.6499999999999999,0.037376685059157776
In domain,Full gate,12,0.7,0.04205443738940154
In domain,Full gate,12,0.75,0.049209090955789785
In domain,Full gate,12,0.7999999999999999,0.04625058344380323
In domain,Full gate,12,0.8499999999999999,0.05414941327256043
In domain,Full gate,12,0.8999999999999999,0.05624377884448777
In domain,Full gate,12,0.95,0.06153220205676013
In domain,Full gate,12,1.0,0.06341913509826821
In domain,Full gate,13,0.3,0.025377203779959615
In domain,Full gate,13,0.35,0.028219778196609948
In domain,Full gate,13,0.39999999999999997,0.03154518696979741
In domain,Full gate,13,0.44999999999999996,0.029912107288016535
In domain,Full gate,13,0.5,0.03223211776894509
In domain,Full gate,13,0.5499999999999999,0.038983847408215214
In domain,Full gate,13,0.6,0.03757145376411821
In domain,Full gate,13,0.6499999999999999,0.035059361620183645
In domain,Full gate,13,0.7,0.03924225387399895
In domain,Full gate,13,0.75,0.04481264504601409
In domain,Full gate,13,0.7999999999999999,0.04781404930868354
In domain,Full gate,13,0.8499999999999999,0.04496443479704892
In domain,Full gate,13,0.8999999999999999,0.049689449685470004
In domain,Full gate,13,0.95,0.06092301703584993
In domain,Full gate,13,1.0,0.06764608940657704
In domain,Full gate,14,0.3,0.027142275216277312
In domain,Full gate,14,0.35,0.024884920166791103
In domain,Full gate,14,0.39999999999999997,0.02450036316423459
In domain,Full gate,14,0.44999999999999996,0.03038547415988233
In domain,Full gate,14,0.5,0.03174536939572267
In domain,Full gate,14,0.5499999999999999,0.03730516295096628
In domain,Full gate,14,0.6,0.031351308311971866
In domain,Full gate,14,0.6499999999999999,0.03548248244494007
In domain,Full gate,14,0.7,0.043387581196776014
In domain,Full gate,14,0.75,0.04839108732713039
In domain,Full gate,14,0.7999999999999999,0.04426441940102807
In domain,Full gate,14,0.8499999999999999,0.047501655539052244
In domain,Full gate,14,0.8999999999999999,0.05604709834856017
In domain,Full gate,14,0.95,0.05608627087727036
In domain,Full gate,14,1.0,0.06152393651630922
In domain,Full gate,15,0.3,0.027899414409578018
In domain,Full gate,15,0.35,0.027643242079463528
In domain,Full gate,15,0.39999999999999997,0.022043857045961183
In domain,Full gate,15,0.44999999999999996,0.03300692457533577
In domain,Full gate,15,0.5,0.033827970154378086
In domain,Full gate,15,0.5499999999999999,0.029998958100067398
In domain,Full gate,15,0.6,0.03764869636965503
In domain,Full gate,15,0.6499999999999999,0.03574729931159766
In domain,Full gate,15,0.7,0.0419865456678297
In domain,Full gate,15,0.75,0.04617457679805033
In domain,Full gate,15,0.7999999999999999,0.044684079047211084
In domain,Full gate,15,0.8499999999999999,0.05248405097497705
In domain,Full gate,15,0.8999999999999999,0.05798629125376678
In domain,Full gate,15,0.95,0.05838186522205687
In domain,Full gate,15,1.0,0.06367613057372346
Geometry shift,Variance gate,1,0.3,0.06369361441000779
Geometry shift,Variance gate,1,0.35,0.059907365776668296
Geometry shift,Variance gate,1,0.39999999999999997,0.06575141355169042
Geometry shift,Variance gate,1,0.44999999999999996,0.06772059046696535
Geometry shift,Variance gate,1,0.5,0.06814274167438224
Geometry shift,Variance gate,1,0.5499999999999999,0.07171740925055539
Geometry shift,Variance gate,1,0.6,0.07117802340206238
Geometry shift,Variance gate,1,0.6499999999999999,0.07363496137758692
Geometry shift,Variance gate,1,0.7,0.07705689634031222
Geometry shift,Variance gate,1,0.75,0.08259473775257657
Geometry shift,Variance gate,1,0.7999999999999999,0.0874892785043978
Geometry shift,Variance gate,1,0.8499999999999999,0.09459743093577447
Geometry shift,Variance gate,1,0.8999999999999999,0.10116248351534281
Geometry shift,Variance gate,1,0.95,0.10020055759055602
Geometry shift,Variance gate,1,1.0,0.10722615324003537
Geometry shift,Variance gate,2,0.3,0.05690075549919586
Geometry shift,Variance gate,2,0.35,0.05966688837896188
Geometry shift,Variance gate,2,0.39999999999999997,0.05961815530526786
Geometry shift,Variance gate,2,0.44999999999999996,0.06672999052811508
Geometry shift,Variance gate,2,0.5,0.06567110000718351
Geometry shift,Variance gate,2,0.5499999999999999,0.07029214412488795
Geometry shift,Variance gate,2,0.6,0.07632796573272241
Geometry shift,Variance gate,2,0.6499999999999999,0.08022307791391066
Geometry shift,Variance gate,2,0.7,0.07646718330240745
Geometry shift,Variance gate,2,0.75,0.08217369501934108
Geometry shift,Variance gate,2,0.7999999999999999,0.0889717563823933
Geometry shift,Variance gate,2,0.8499999999999999,0.09302380921670954
Geometry shift,Variance gate,2,0.8999999999999999,0.09846140408505721
Geometry shift,Variance gate,2,0.95,0.10181767142780065
Geometry shift,Variance gate,2,1.0,0.10791005578241027
Geometry shift,Variance gate,3,0.3,0.05677182203250871
Geometry shift,Variance gate,3,0.35,0.06206929918685665
Geometry shift,Variance gate,3,0.39999999999999997,0.06273894580936844
Geometry shift,Variance gate,3,0.44999999999999996,0.06057449620516312
Geometry shift,Variance gate,3,0.5,0.07129906633192543
Geometry shift,Variance gate,3,0.5499999999999999,0.07008381908075127
Geometry shift,Variance gate,3,0.6,0.0747111504095839
Geometry shift,Variance gate,3,0.6499999999999999,0.07719314900345371
Geometry shift,Variance gate,3,0.7,0.07871295864846677
Geometry shift,Variance gate,3,0.75,0.08683393789765458
Geometry shift,Variance gate,3,0.7999999999999999,0.08799211155649089
Geometry shift,Variance gate,3,0.8499999999999999,0.09340737379964033
Geometry shift,Variance gate,3,0.8999999999999999,0.09390294813361824
Geometry shift,Variance gate,3,0.95,0.10378028815767774
Geometry shift,Variance gate,3,1.0,0.10842605756196569
Geometry shift,Variance gate,4,0.3,0.05950451519005171
Geometry shift,Variance gate,4,0.35,0.0601278705046571
Geometry shift,Variance gate,4,0.39999999999999997,0.06360474425027034
Geometry shift,Variance gate,4,0.44999999999999996,0.06070857274553894
Geometry shift,Variance gate,4,0.5,0.0647151320614714
Geometry shift,Variance gate,4,0.5499999999999999,0.06941601041601952
Geometry shift,Variance gate,4,0.6,0.06745753658788024
Geometry shift,Variance gate,4,0.6499999999999999,0.07460711329610867
Geometry shift,Variance gate,4,0.7,0.08012030648217681
Geometry shift,Variance gate,4,0.75,0.08536176873577342
Geometry shift,Variance gate,4,0.7999999999999999,0.0871304420927961
Geometry shift,Variance gate,4,0.8499999999999999,0.09184848131486989
Geometry shift,Variance gate,4,0.8999999999999999,0.09336022838731982
Geometry shift,Variance gate,4,0.95,0.10475964737592577
Geometry shift,Variance gate,4,1.0,0.10554359140117697
Geometry shift,Variance gate,5,0.3,0.05541764729547897
Geometry shift,Variance gate,5,0.35,0.06158860975037055
Geometry shift,Variance gate,5,0.39999999999999997,0.06527043975225102
Geometry shift,Variance gate,5,0.44999999999999996,0.0662399190665753
Geometry shift,Variance gate,5,0.5,0.05854816329243581
Geometry shift,Variance gate,5,0.5499999999999999,0.07249353941311472
Geometry shift,Variance gate,5,0.6,0.07451554733120433
Geometry shift,Variance gate,5,0.6499999999999999,0.07899329979900462
Geometry shift,Variance gate,5,0.7,0.07958100127013767
Geometry shift,Variance gate,5,0.75,0.08588052137919963
Geometry shift,Variance gate,5,0.7999999999999999,0.0903823238718296
Geometry shift,Variance gate,5,0.8499999999999999,0.09688652444406833
Geometry shift,Variance gate,5,0.8999999999999999,0.09700008322441363
Geometry shift,Variance gate,5,0.95,0.1043303328987993
Geometry shift,Variance gate,5,1.0,0.10771133811801817
Geometry shift,Variance gate,6,0.3,0.05837534568795089
Geometry shift,Variance gate,6,0.35,0.051780636887641486
Geometry shift,Variance gate,6,0.39999999999999997,0.0547381727763734
Geometry shift,Variance gate,6,0.44999999999999996,0.06334109011719459
Geometry shift,Variance gate,6,0.5,0.06759152891576307
Geometry shift,Variance gate,6,0.5499999999999999,0.0620075461197253
Geometry shift,Variance gate,6,0.6,0.06947583254123114
Geometry shift,Variance gate,6,0.6499999999999999,0.07404339196046314
Geometry shift,Variance gate,6,0.7,0.07988302544723071
Geometry shift,Variance gate,6,0.75,0.08835284700802246
Geometry shift,Variance gate,6,0.7999999999999999,0.09164986784453821
Geometry shift,Variance gate,6,0.8499999999999999,0.09048288385657552
Geometry shift,Variance gate,6,0.8999999999999999,0.09946384188089881
Geometry shift,Variance gate,6,0.95,0.1019678621957114
Geometry shift,Variance gate,6,1.0,0.11103023012988306
Geometry shift,Variance gate,7,0.3,0.056770026002508606
Geometry shift,Variance gate,7,0.35,0.059850333409521096
Geometry shift,Variance gate,7,0.39999999999999997,0.06431538681800342
Geometry shift,Variance gate,7,0.44999999999999996,0.07192856531479226
Geometry shift,Variance gate,7,0.5,0.06590855947245043
Geometry shift,Variance gate,7,0.5499999999999999,0.0663638075704314
Geometry shift,Variance gate,7,0.6,0.07539844542159661
Geometry shift,Variance gate,7,0.6499999999999999,0.07277276518017799
Geometry shift,Variance gate,7,0.7,0.08422281253829651
Geometry shift,Variance gate,7,0.75,0.08339410561392867
Geometry shift,Variance gate,7,0.7999999999999999,0.08843039555858163
Geometry shift,Variance gate,7,0.8499999999999999,0.09563830308926283
Geometry shift,Variance gate,7,0.8999999999999999,0.09611426421657425
Geometry shift,Variance gate,7,0.95,0.10734999633885202
Geometry shift,Variance gate,7,1.0,0.10855963187153149
Geometry shift,Variance gate,8,0.3,0.05952650151563411
Geometry shift,Variance gate,8,0.35,0.06149277373014493
Geometry shift,Variance gate,8,0.39999999999999997,0.0619102164169683
Geometry shift,Variance gate,8,0.44999999999999996,0.06530468789645064
Geometry shift,Variance gate,8,0.5,0.06527966446771417
Geometry shift,Variance gate,8,0.5499999999999999,0.07105971659256781
Geometry shift,Variance gate,8,0.6,0.07348497027344968
Geometry shift,Variance gate,8,0.6499999999999999,0.07405538904135915
Geometry shift,Variance gate,8,0.7,0.07895210276540794
Geometry shift,Variance gate,8,0.75,0.08196992405139301
Geometry shift,Variance gate,8,0.7999999999999999,0.09096960778588876
Geometry shift,Variance gate,8,0.8499999999999999,0.09550468415297267
Geometry shift,Variance gate,8,0.8999999999999999,0.09562243210830368
Geometry shift,Variance gate,8,0.95,0.10430329695136503
Geometry shift,Variance gate,8,1.0,0.10909080005655657
Geometry shift,Variance gate,9,0.3,0.05751208262926534
Geometry shift,Variance gate,9,0.35,0.060789625260034494
Geometry shift,Variance gate,9,0.39999999999999997,0.06243353652643058
Geometry shift,Variance gate,9,0.44999999999999996,0.0657732298877076
Geometry shift,Variance gate,9,0.5,0.06623513818371617
Geometry shift,Variance gate,9,0.5499999999999999,0.06801803349510689
Geometry shift,Variance gate,9,0.6,0.07311109426803841
Geometry shift,Variance gate,9,0.6499999999999999,0.07710444824341434
Geometry shift,Variance gate,9,0.7,0.07401090107868864
Geometry shift,Variance gate,9,0.75,0.08416363049991896
Geometry shift,Variance gate,9,0.7999999999999999,0.09220961170919144
Geometry shift,Variance gate,9,0.8499999999999999,0.0968635232094823
Geometry shift,Variance gate,9,0.8999999999999999,0.09746280135037412
Geometry shift,Variance gate,9,0.95,0.10671649996617416
Geometry shift,Variance gate,9,1.0,0.11163664387474304
Geometry shift,Variance gate,10,0.3,0.05718521902379356
Geometry shift,Variance gate,10,0.35,0.06000664193137982
Geometry shift,Variance gate,10,0.39999999999999997,0.06097864157280415
Geometry shift,Variance gate,10,0.44999999999999996,0.06426517523743287
Geometry shift,Variance gate,10,0.5,0.06840934599875868
Geometry shift,Variance gate,10,0.5499999999999999,0.0645991749586187
Geometry shift,Variance gate,10,0.6,0.07248501465575716
Geometry shift,Variance gate,10,0.6499999999999999,0.07946423490904607
Geometry shift,Variance gate,10,0.7,0.08231109676883194
Geometry shift,Variance gate,10,0.75,0.08607012476971727
Geometry shift,Variance gate,10,0.7999999999999999,0.08856055991878646
Geometry shift,Variance gate,10,0.8499999999999999,0.09155639564579235
Geometry shift,Variance gate,10,0.8999999999999999,0.09616995270146872
Geometry shift,Variance gate,10,0.95,0.10233533388059687
Geometry shift,Variance gate,10,1.0,0.10793350316074388
Geometry shift,Variance gate,11,0.3,0.0605530813658385
Geometry shift,Variance gate,11,0.35,0.06180329172654021
Geometry shift,Variance gate,11,0.39999999999999997,0.06234887687953223
Geometry shift,Variance gate,11,0.44999999999999996,0.061478317026166115
Geometry shift,Variance gate,11,0.5,0.07029324780420408
Geometry shift,Variance gate,11,0.5499999999999999,0.07269312327509773
Geometry shift,Variance gate,11,0.6,0.07357331420558393
Geometry shift,Variance gate,11,0.6499999999999999,0.06943170987593289
Geometry shift,Variance gate,11,0.7,0.07647906108877034
Geometry shift,Variance gate,11,0.75,0.08411573376419183
Geometry shift,Variance gate,11,0.7999999999999999,0.0851609931037695
Geometry shift,Variance gate,11,0.8499999999999999,0.10224685345151786
Geometry shift,Variance gate,11,0.8999999999999999,0.09303890667676766
Geometry shift,Variance gate,11,0.95,0.10402050535017647
Geometry shift,Variance gate,11,1.0,0.1113663777452593
Geometry shift,Variance gate,12,0.3,0.05295944425711477
Geometry shift,Variance gate,12,0.35,0.05721212245865463
Geometry shift,Variance gate,12,0.39999999999999997,0.0634695877542784
Geometry shift,Variance gate,12,0.44999999999999996,0.06594779008212859
Geometry shift,Variance gate,12,0.5,0.06622512746026746
Geometry shift,Variance gate,12,0.5499999999999999,0.07233298453797105
Geometry shift,Variance gate,12,0.6,0.0703582807898637
Geometry shift,Variance gate,12,0.6499999999999999,0.07671529340222737
Geometry shift,Variance gate,12,0.7,0.08127935637422268
Geometry shift,Variance gate,12,0.75,0.08330500452226741
Geometry shift,Variance gate,12,0.7999999999999999,0.09150580168908685
Geometry shift,Variance gate,12,0.8499999999999999,0.09997272675550073
Geometry shift,Variance gate,12,0.8999999999999999,0.10147487398840514
Geometry shift,Variance gate,12,0.95,0.10059324148308289
Geometry shift,Variance gate,12,1.0,0.10970987585506405
Geometry shift,Variance gate,13,0.3,0.06025122010199725
Geometry shift,Variance gate,13,0.35,0.057183436531465494
Geometry shift,Variance gate,13,0.39999999999999997,0.06613428371697898
Geometry shift,Variance gate,13,0.44999999999999996,0.06318935830636198
Geometry shift,Variance gate,13,0.5,0.06362218654165962
Geometry shift,Variance gate,13,0.5499999999999999,0.06890995596664888
Geometry shift,Variance gate,13,0.6,0.07664474351646021
Geometry shift,Variance gate,13,0.6499999999999999,0.07460554213326188
Geometry shift,Variance gate,13,0.7,0.08039424270581252
Geometry shift,Variance gate,13,0.75,0.08589511102044325
Geometry shift,Variance gate,13,0.7999999999999999,0.0867313588109545
Geometry shift,Variance gate,13,0.8499999999999999,0.0971222957957413
Geometry shift,Variance gate,13,0.8999999999999999,0.09841797390910602
Geometry shift,Variance gate,13,0.95,0.1066249734222137
Geometry shift,Variance gate,13,1.0,0.10810311172398106
Geometry shift,Variance gate,14,0.3,0.056580147003372855
Geometry shift,Variance gate,14,0.35,0.056225133523556375
Geometry shift,Variance gate,14,0.39999999999999997,0.06230351915116477
Geometry shift,Variance gate,14,0.44999999999999996,0.06002001597052943
Geometry shift,Variance gate,14,0.5,0.06495924892761194
Geometry shift,Variance gate,14,0.5499999999999999,0.07312256020046375
Geometry shift,Variance gate,14,0.6,0.07183199465390207
Geometry shift,Variance gate,14,0.6499999999999999,0.07724019500169595
Geometry shift,Variance gate,14,0.7,0.07519922904298029
Geometry shift,Variance gate,14,0.75,0.08733347836457353
Geometry shift,Variance gate,14,0.7999999999999999,0.0888875876447849
Geometry shift,Variance gate,14,0.8499999999999999,0.08948829880614824
Geometry shift,Variance gate,14,0.8999999999999999,0.0913771618493568
Geometry shift,Variance gate,14,0.95,0.0982075988164445
Geometry shift,Variance gate,14,1.0,0.10862727982582927
Geometry shift,Variance gate,15,0.3,0.056370370633675025
Geometry shift,Variance gate,15,0.35,0.061448151819677235
Geometry shift,Variance gate,15,0.39999999999999997,0.0670354511996138
Geometry shift,Variance gate,15,0.44999999999999996,0.06036740049398215
Geometry shift,Variance gate,15,0.5,0.06740276861183717
Geometry shift,Variance gate,15,0.5499999999999999,0.07357281604000965
Geometry shift,Variance gate,15,0.6,0.07146046048446536
Geometry shift,Variance gate,15,0.6499999999999999,0.07254487770691288
Geometry shift,Variance gate,15,0.7,0.08208881464335922
Geometry shift,Variance gate,15,0.75,0.08665125219663383
Geometry shift,Variance gate,15,0.7999999999999999,0.08766231565282932
Geometry shift,Variance gate,15,0.8499999999999999,0.09294448662248989
Geometry shift,Variance gate,15,0.8999999999999999,0.10101639539086962
Geometry shift,Variance gate,15,0.95,0.09655580104581728
Geometry shift,Variance gate,15,1.0,0.1079773174611705
Geometry shift,Full gate,1,0.3,0.04128440676958471
Geometry shift,Full gate,1,0.35,0.04278944245485829
Geometry shift,Full gate,1,0.39999999999999997,0.0520778547398796
Geometry shift,Full gate,1,0.44999999999999996,0.04817626187898635
Geometry shift,Full gate,1,0.5,0.052580049422359436
Geometry shift,Full gate,1,0.5499999999999999,0.05055153067638044
Geometry shift,Full gate,1,0.6,0.05568111526936933
Geometry shift,Full gate,1,0.6499999999999999,0.05221167054538309
Geometry shift,Full gate,1,0.7,0.06574019487212335
Geometry shift,Full gate,1,0.75,0.06203177026003615
Geometry shift,Full gate,1,0.7999999999999999,0.06847256419560178
Geometry shift,Full gate,1,0.8499999999999999,0.06795286498953929
Geometry shift,Full gate,1,0.8999999999999999,0.07176875806777774
Geometry shift,Full gate,1,0.95,0.07639947516892397
Geometry shift,Full gate,1,1.0,0.08566350202539043
Geometry shift,Full gate,2,0.3,0.038746337543313684
Geometry shift,Full gate,2,0.35,0.04402432745578134
Geometry shift,Full gate,2,0.39999999999999997,0.05338154505319273
Geometry shift,Full gate,2,0.44999999999999996,0.04733634473670938
Geometry shift,Full gate,2,0.5,0.04587760313162331
Geometry shift,Full gate,2,0.5499999999999999,0.04912136123423473
Geometry shift,Full gate,2,0.6,0.053771436276011816
Geometry shift,Full gate,2,0.6499999999999999,0.06171536069876353
Geometry shift,Full gate,2,0.7,0.06212105440368591
Geometry shift,Full gate,2,0.75,0.06381571905762713
Geometry shift,Full gate,2,0.7999999999999999,0.06696686966471604
Geometry shift,Full gate,2,0.8499999999999999,0.06804301995611045
Geometry shift,Full gate,2,0.8999999999999999,0.07136356019601582
Geometry shift,Full gate,2,0.95,0.07824640018659766
Geometry shift,Full gate,2,1.0,0.07472098239048873
Geometry shift,Full gate,3,0.3,0.046963368632225805
Geometry shift,Full gate,3,0.35,0.048407895502977735
Geometry shift,Full gate,3,0.39999999999999997,0.04608030719204731
Geometry shift,Full gate,3,0.44999999999999996,0.04632606409741311
Geometry shift,Full gate,3,0.5,0.0491426239984543
Geometry shift,Full gate,3,0.5499999999999999,0.053381482600075796
Geometry shift,Full gate,3,0.6,0.050955387233113596
Geometry shift,Full gate,3,0.6499999999999999,0.05973438120454587
Geometry shift,Full gate,3,0.7,0.06470682403869538
Geometry shift,Full gate,3,0.75,0.05853515068442023
Geometry shift,Full gate,3,0.7999999999999999,0.06843507691631741
Geometry shift,Full gate,3,0.8499999999999999,0.07171393278444069
Geometry shift,Full gate,3,0.8999999999999999,0.07336109661935769
Geometry shift,Full gate,3,0.95,0.07880932671456632
Geometry shift,Full gate,3,1.0,0.08019589436585041
Geometry shift,Full gate,4,0.3,0.04456969496385467
Geometry shift,Full gate,4,0.35,0.04374177767758592
Geometry shift,Full gate,4,0.39999999999999997,0.05037697568749913
Geometry shift,Full gate,4,0.44999999999999996,0.04969535431304865
Geometry shift,Full gate,4,0.5,0.05324896026107951
Geometry shift,Full gate,4,0.5499999999999999,0.054630639340719066
Geometry shift,Full gate,4,0.6,0.05627125073095148
Geometry shift,Full gate,4,0.6499999999999999,0.06030296517996907
Geometry shift,Full gate,4,0.7,0.06406205086034598
Geometry shift,Full gate,4,0.75,0.06979920920181122
Geometry shift,Full gate,4,0.7999999999999999,0.06929234101279173
Geometry shift,Full gate,4,0.8499999999999999,0.06489791209032224
Geometry shift,Full gate,4,0.8999999999999999,0.0748919214576823
Geometry shift,Full gate,4,0.95,0.07434084821169813
Geometry shift,Full gate,4,1.0,0.08163659448218524
Geometry shift,Full gate,5,0.3,0.04478585725052717
Geometry shift,Full gate,5,0.35,0.0505402089436712
Geometry shift,Full gate,5,0.39999999999999997,0.04706073440089873
Geometry shift,Full gate,5,0.44999999999999996,0.04908715348325394
Geometry shift,Full gate,5,0.5,0.05690509936110362
Geometry shift,Full gate,5,0.5499999999999999,0.05112453750747316
Geometry shift,Full gate,5,0.6,0.055016570645508606
Geometry shift,Full gate,5,0.6499999999999999,0.05514164002343437
Geometry shift,Full gate,5,0.7,0.05901788186666347
Geometry shift,Full gate,5,0.75,0.06186124325375593
Geometry shift,Full gate,5,0.7999999999999999,0.06564522920905583
Geometry shift,Full gate,5,0.8499999999999999,0.06990546535141953
Geometry shift,Full gate,5,0.8999999999999999,0.07423569547989164
Geometry shift,Full gate,5,0.95,0.07542762112562143
Geometry shift,Full gate,5,1.0,0.08288602398979393
Geometry shift,Full gate,6,0.3,0.0386556514638879
Geometry shift,Full gate,6,0.35,0.050627925697463425
Geometry shift,Full gate,6,0.39999999999999997,0.04756849247853147
Geometry shift,Full gate,6,0.44999999999999996,0.049682030085030825
Geometry shift,Full gate,6,0.5,0.05247631708616869
Geometry shift,Full gate,6,0.5499999999999999,0.05617943501715978
Geometry shift,Full gate,6,0.6,0.060615585517495456
Geometry shift,Full gate,6,0.6499999999999999,0.052440546091525944
Geometry shift,Full gate,6,0.7,0.06547601133677869
Geometry shift,Full gate,6,0.75,0.06540061513192068
Geometry shift,Full gate,6,0.7999999999999999,0.06781185887519899
Geometry shift,Full gate,6,0.8499999999999999,0.07084116314588601
Geometry shift,Full gate,6,0.8999999999999999,0.07566067275733128
Geometry shift,Full gate,6,0.95,0.07379804903782054
Geometry shift,Full gate,6,1.0,0.08430888511885197
Geometry shift,Full gate,7,0.3,0.04572654988724332
Geometry shift,Full gate,7,0.35,0.044344881898328976
Geometry shift,Full gate,7,0.39999999999999997,0.044440336982340053
Geometry shift,Full gate,7,0.44999999999999996,0.049591041673876055
Geometry shift,Full gate,7,0.5,0.05003642977540726
Geometry shift,Full gate,7,0.5499999999999999,0.048815619993512846
Geometry shift,Full gate,7,0.6,0.0495296181329352
Geometry shift,Full gate,7,0.6499999999999999,0.05692219768200217
Geometry shift,Full gate,7,0.7,0.061286231182361296
Geometry shift,Full gate,7,0.75,0.06586542114827008
Geometry shift,Full gate,7,0.7999999999999999,0.05990421542429659
Geometry shift,Full gate,7,0.8499999999999999,0.07225158885767051
Geometry shift,Full gate,7,0.8999999999999999,0.0775774391233299
Geometry shift,Full gate,7,0.95,0.07514710737120352
Geometry shift,Full gate,7,1.0,0.08206447149798995
Geometry shift,Full gate,8,0.3,0.043986361927639175
Geometry shift,Full gate,8,0.35,0.04327987823621229
Geometry shift,Full gate,8,0.39999999999999997,0.046552309205928045
Geometry shift,Full gate,8,0.44999999999999996,0.04932381216037126
Geometry shift,Full gate,8,0.5,0.05193121685425456
Geometry shift,Full gate,8,0.5499999999999999,0.05304382621800107
Geometry shift,Full gate,8,0.6,0.04974991977740195
Geometry shift,Full gate,8,0.6499999999999999,0.058230149264962
Geometry shift,Full gate,8,0.7,0.05803375114376523
Geometry shift,Full gate,8,0.75,0.061893057317266756
Geometry shift,Full gate,8,0.7999999999999999,0.0673995872638629
Geometry shift,Full gate,8,0.8499999999999999,0.07507330544636044
Geometry shift,Full gate,8,0.8999999999999999,0.07718817153860205
Geometry shift,Full gate,8,0.95,0.08393668147837309
Geometry shift,Full gate,8,1.0,0.0811041789937262
Geometry shift,Full gate,9,0.3,0.043597589169780175
Geometry shift,Full gate,9,0.35,0.045082040872804055
Geometry shift,Full gate,9,0.39999999999999997,0.051748343233446334
Geometry shift,Full gate,9,0.44999999999999996,0.05595117482721187
Geometry shift,Full gate,9,0.5,0.050389544215888524
Geometry shift,Full gate,9,0.5499999999999999,0.06101074589468137
Geometry shift,Full gate,9,0.6,0.05469806169303651
Geometry shift,Full gate,9,0.6499999999999999,0.05982500385228261
Geometry shift,Full gate,9,0.7,0.064714192430246
Geometry shift,Full gate,9,0.75,0.06516913598346938
Geometry shift,Full gate,9,0.7999999999999999,0.06454260540005241
Geometry shift,Full gate,9,0.8499999999999999,0.07111355521627333
Geometry shift,Full gate,9,0.8999999999999999,0.07477917602279799
Geometry shift,Full gate,9,0.95,0.07756705461098742
Geometry shift,Full gate,9,1.0,0.08285232394401859
Geometry shift,Full gate,10,0.3,0.04682691972982166
Geometry shift,Full gate,10,0.35,0.04681671240597816
Geometry shift,Full gate,10,0.39999999999999997,0.04443578236621588
Geometry shift,Full gate,10,0.44999999999999996,0.04640439230836989
Geometry shift,Full gate,10,0.5,0.05212855734899734
Geometry shift,Full gate,10,0.5499999999999999,0.048313901235116294
Geometry shift,Full gate,10,0.6,0.05573770929330986
Geometry shift,Full gate,10,0.6499999999999999,0.05620619417750252
Geometry shift,Full gate,10,0.7,0.05964938213923121
Geometry shift,Full gate,10,0.75,0.06372329988938076
Geometry shift,Full gate,10,0.7999999999999999,0.06637298739488043
Geometry shift,Full gate,10,0.8499999999999999,0.07038572259910324
Geometry shift,Full gate,10,0.8999999999999999,0.07099173437559822
Geometry shift,Full gate,10,0.95,0.07539562671915273
Geometry shift,Full gate,10,1.0,0.08241768139492148
Geometry shift,Full gate,11,0.3,0.04752421654328607
Geometry shift,Full gate,11,0.35,0.046883606722186444
Geometry shift,Full gate,11,0.39999999999999997,0.04468993670417712
Geometry shift,Full gate,11,0.44999999999999996,0.04730742410410752
Geometry shift,Full gate,11,0.5,0.05058894770467
Geometry shift,Full gate,11,0.5499999999999999,0.04968884379971841
Geometry shift,Full gate,11,0.6,0.05683847893115106
Geometry shift,Full gate,11,0.6499999999999999,0.05800508713917271
Geometry shift,Full gate,11,0.7,0.05683211129111935
Geometry shift,Full gate,11,0.75,0.06430564951915768
Geometry shift,Full gate,11,0.7999999999999999,0.06764547609181357
Geometry shift,Full gate,11,0.8499999999999999,0.0701244234766606
Geometry shift,Full gate,11,0.8999999999999999,0.07482135089629222
Geometry shift,Full gate,11,0.95,0.07831059882943876
Geometry shift,Full gate,11,1.0,0.08204188404488752
Geometry shift,Full gate,12,0.3,0.046762069220851854
Geometry shift,Full gate,12,0.35,0.04553748353367213
Geometry shift,Full gate,12,0.39999999999999997,0.049575268662008745
Geometry shift,Full gate,12,0.44999999999999996,0.05050232185929947
Geometry shift,Full gate,12,0.5,0.05133591683614763
Geometry shift,Full gate,12,0.5499999999999999,0.058705035296168585
Geometry shift,Full gate,12,0.6,0.055082454152380056
Geometry shift,Full gate,12,0.6499999999999999,0.057495795000706985
Geometry shift,Full gate,12,0.7,0.05817468920932189
Geometry shift,Full gate,12,0.75,0.06635912743330934
Geometry shift,Full gate,12,0.7999999999999999,0.06620248047534351
Geometry shift,Full gate,12,0.8499999999999999,0.07046202946612035
Geometry shift,Full gate,12,0.8999999999999999,0.07313126186823092
Geometry shift,Full gate,12,0.95,0.07520643772319713
Geometry shift,Full gate,12,1.0,0.07754599672165004
Geometry shift,Full gate,13,0.3,0.03737578389053396
Geometry shift,Full gate,13,0.35,0.04660187920802424
Geometry shift,Full gate,13,0.39999999999999997,0.04593545016920511
Geometry shift,Full gate,13,0.44999999999999996,0.0509487432812032
Geometry shift,Full gate,13,0.5,0.05352647309244989
Geometry shift,Full gate,13,0.5499999999999999,0.05453401369957897
Geometry shift,Full gate,13,0.6,0.0480057662269319
Geometry shift,Full gate,13,0.6499999999999999,0.05742655582274232
Geometry shift,Full gate,13,0.7,0.06463385495030194
Geometry shift,Full gate,13,0.75,0.05930707708946918
Geometry shift,Full gate,13,0.7999999999999999,0.06604513855775795
Geometry shift,Full gate,13,0.8499999999999999,0.07610519406513054
Geometry shift,Full gate,13,0.8999999999999999,0.07363333334703231
Geometry shift,Full gate,13,0.95,0.07585335049359314
Geometry shift,Full gate,13,1.0,0.0799586281669888
Geometry shift,Full gate,14,0.3,0.043529876021092054
Geometry shift,Full gate,14,0.35,0.04861117435509501
Geometry shift,Full gate,14,0.39999999999999997,0.04749917146666078
Geometry shift,Full gate,14,0.44999999999999996,0.04817904566376831
Geometry shift,Full gate,14,0.5,0.04787619539808689
Geometry shift,Full gate,14,0.5499999999999999,0.051462677047578974
Geometry shift,Full gate,14,0.6,0.05478316902851028
Geometry shift,Full gate,14,0.6499999999999999,0.05949246510284476
Geometry shift,Full gate,14,0.7,0.06005463866232777
Geometry shift,Full gate,14,0.75,0.06287201869129674
Geometry shift,Full gate,14,0.7999999999999999,0.0648117890351675
Geometry shift,Full gate,14,0.8499999999999999,0.07038808391555543
Geometry shift,Full gate,14,0.8999999999999999,0.07207385956478085
Geometry shift,Full gate,14,0.95,0.08261869179635499
Geometry shift,Full gate,14,1.0,0.08002094432629381
Geometry shift,Full gate,15,0.3,0.0415324626474035
Geometry shift,Full gate,15,0.35,0.043771275412852105
Geometry shift,Full gate,15,0.39999999999999997,0.042702479061523614
Geometry shift,Full gate,15,0.44999999999999996,0.045209675375356737
Geometry shift,Full gate,15,0.5,0.053927725100805325
Geometry shift,Full gate,15,0.5499999999999999,0.04792946689210532
Geometry shift,Full gate,15,0.6,0.055484985397170374
Geometry shift,Full gate,15,0.6499999999999999,0.05845606241117779
Geometry shift,Full gate,15,0.7,0.06357101681565688
Geometry shift,Full gate,15,0.75,0.06285537220129193
Geometry shift,Full gate,15,0.7999999999999999,0.07257124280960049
Geometry shift,Full gate,15,0.8499999999999999,0.0743751116732833
Geometry shift,Full gate,15,0.8999999999999999,0.07339559882978054
Geometry shift,Full gate,15,0.95,0.07507964205532137
Geometry shift,Full gate,15,1.0,0.08143634956778747
Stimulus shift,Variance gate,1,0.3,0.06587097733399215
Stimulus shift,Variance gate,1,0.35,0.07045143989086972
Stimulus shift,Variance gate,1,0.39999999999999997,0.0760698072090236
Stimulus shift,Variance gate,1,0.44999999999999996,0.07563438651102114
Stimulus shift,Variance gate,1,0.5,0.0782389424378018
Stimulus shift,Variance gate,1,0.5499999999999999,0.08251413234923273
Stimulus shift,Variance gate,1,0.6,0.0818412192388645
Stimulus shift,Variance gate,1,0.6499999999999999,0.0858605479185469
Stimulus shift,Variance gate,1,0.7,0.08898686570231716
Stimulus shift,Variance gate,1,0.75,0.090020841178033
Stimulus shift,Variance gate,1,0.7999999999999999,0.09863164825333723
Stimulus shift,Variance gate,1,0.8499999999999999,0.10130499847045074
Stimulus shift,Variance gate,1,0.8999999999999999,0.10297539947368421
Stimulus shift,Variance gate,1,0.95,0.10982026649043258
Stimulus shift,Variance gate,1,1.0,0.11409774615155997
Stimulus shift,Variance gate,2,0.3,0.07059732088676358
Stimulus shift,Variance gate,2,0.35,0.07460907639979741
Stimulus shift,Variance gate,2,0.39999999999999997,0.07121059190171604
Stimulus shift,Variance gate,2,0.44999999999999996,0.07272289093556637
Stimulus shift,Variance gate,2,0.5,0.07941975367711793
Stimulus shift,Variance gate,2,0.5499999999999999,0.08379634089746209
Stimulus shift,Variance gate,2,0.6,0.08621524755264431
Stimulus shift,Variance gate,2,0.6499999999999999,0.08603220406535492
Stimulus shift,Variance gate,2,0.7,0.08974552860100128
Stimulus shift,Variance gate,2,0.75,0.0955219372951957
Stimulus shift,Variance gate,2,0.7999999999999999,0.10239014447711044
Stimulus shift,Variance gate,2,0.8499999999999999,0.09812063355251316
Stimulus shift,Variance gate,2,0.8999999999999999,0.10512749160986137
Stimulus shift,Variance gate,2,0.95,0.12012496503750489
Stimulus shift,Variance gate,2,1.0,0.11828609591018753
Stimulus shift,Variance gate,3,0.3,0.06644829973591035
Stimulus shift,Variance gate,3,0.35,0.06915805885301723
Stimulus shift,Variance gate,3,0.39999999999999997,0.06729758600401563
Stimulus shift,Variance gate,3,0.44999999999999996,0.07808973614706814
Stimulus shift,Variance gate,3,0.5,0.07201800093034719
Stimulus shift,Variance gate,3,0.5499999999999999,0.07985355786166261
Stimulus shift,Variance gate,3,0.6,0.08615744374023676
Stimulus shift,Variance gate,3,0.6499999999999999,0.08778031783639191
Stimulus shift,Variance gate,3,0.7,0.09083116423612297
Stimulus shift,Variance gate,3,0.75,0.09676122490924256
Stimulus shift,Variance gate,3,0.7999999999999999,0.09837815878956692
Stimulus shift,Variance gate,3,0.8499999999999999,0.10551654567617394
Stimulus shift,Variance gate,3,0.8999999999999999,0.10506342555412267
Stimulus shift,Variance gate,3,0.95,0.11571688876187261
Stimulus shift,Variance gate,3,1.0,0.12113945749867071
Stimulus shift,Variance gate,4,0.3,0.06879586148510103
Stimulus shift,Variance gate,4,0.35,0.07112053984089967
Stimulus shift,Variance gate,4,0.39999999999999997,0.06833688107789487
Stimulus shift,Variance gate,4,0.44999999999999996,0.08022036166766203
Stimulus shift,Variance gate,4,0.5,0.07897419436279815
Stimulus shift,Variance gate,4,0.5499999999999999,0.08187809637667638
Stimulus shift,Variance gate,4,0.6,0.082935780086302
Stimulus shift,Variance gate,4,0.6499999999999999,0.08629134487939741
Stimulus shift,Variance gate,4,0.7,0.09063746617097608
Stimulus shift,Variance gate,4,0.75,0.09597561529927655
Stimulus shift,Variance gate,4,0.7999999999999999,0.09721935125203106
Stimulus shift,Variance gate,4,0.8499999999999999,0.10274745160908516
Stimulus shift,Variance gate,4,0.8999999999999999,0.10886958833696243
Stimulus shift,Variance gate,4,0.95,0.11182878930936024
Stimulus shift,Variance gate,4,1.0,0.11861307667430672
Stimulus shift,Variance gate,5,0.3,0.06649051083596672
Stimulus shift,Variance gate,5,0.35,0.06912036046234998
Stimulus shift,Variance gate,5,0.39999999999999997,0.07012746720783056
Stimulus shift,Variance gate,5,0.44999999999999996,0.08112843531353175
Stimulus shift,Variance gate,5,0.5,0.0700289980719471
Stimulus shift,Variance gate,5,0.5499999999999999,0.08041005362643507
Stimulus shift,Variance gate,5,0.6,0.08359795538745042
Stimulus shift,Variance gate,5,0.6499999999999999,0.09379857819653663
Stimulus shift,Variance gate,5,0.7,0.0968021359812819
Stimulus shift,Variance gate,5,0.75,0.09396672290287614
Stimulus shift,Variance gate,5,0.7999999999999999,0.0983730059767152
Stimulus shift,Variance gate,5,0.8499999999999999,0.10245541623348987
Stimulus shift,Variance gate,5,0.8999999999999999,0.1097507502603591
Stimulus shift,Variance gate,5,0.95,0.11402808490698757
Stimulus shift,Variance gate,5,1.0,0.1218535390671383
Stimulus shift,Variance gate,6,0.3,0.06848965563735296
Stimulus shift,Variance gate,6,0.35,0.06148511526979635
Stimulus shift,Variance gate,6,0.39999999999999997,0.06943710371537228
Stimulus shift,Variance gate,6,0.44999999999999996,0.07031470160829598
Stimulus shift,Variance gate,6,0.5,0.07675620076400835
Stimulus shift,Variance gate,6,0.5499999999999999,0.08112365734423588
Stimulus shift,Variance gate,6,0.6,0.08423011834252495
Stimulus shift,Variance gate,6,0.6499999999999999,0.08431760548602714
Stimulus shift,Variance gate,6,0.7,0.09215627668723825
Stimulus shift,Variance gate,6,0.75,0.09144826094189727
Stimulus shift,Variance gate,6,0.7999999999999999,0.09677641682126673
Stimulus shift,Variance gate,6,0.8499999999999999,0.10198769233736428
Stimulus shift,Variance gate,6,0.8999999999999999,0.11198634726405557
Stimulus shift,Variance gate,6,0.95,0.11462711966684437
Stimulus shift,Variance gate,6,1.0,0.11416003898200262
Stimulus shift,Variance gate,7,0.3,0.07122488384334011
Stimulus shift,Variance gate,7,0.35,0.07048772420153832
Stimulus shift,Variance gate,7,0.39999999999999997,0.07207259310895893
Stimulus shift,Variance gate,7,0.44999999999999996,0.0759629033036458
Stimulus shift,Variance gate,7,0.5,0.07708036779690894
Stimulus shift,Variance gate,7,0.5499999999999999,0.0790263828817805
Stimulus shift,Variance gate,7,0.6,0.08136065246988089
Stimulus shift,Variance gate,7,0.6499999999999999,0.09249967847719573
Stimulus shift,Variance gate,7,0.7,0.08743505787088994
Stimulus shift,Variance gate,7,0.75,0.09319538157478574
Stimulus shift,Variance gate,7,0.7999999999999999,0.09442535672963547
Stimulus shift,Variance gate,7,0.8499999999999999,0.10531841065565214
Stimulus shift,Variance gate,7,0.8999999999999999,0.11291193159349064
Stimulus shift,Variance gate,7,0.95,0.11004896702679451
Stimulus shift,Variance gate,7,1.0,0.1168920390208324
Stimulus shift,Variance gate,8,0.3,0.0664115378039807
Stimulus shift,Variance gate,8,0.35,0.07290504378637697
Stimulus shift,Variance gate,8,0.39999999999999997,0.07177609304836209
Stimulus shift,Variance gate,8,0.44999999999999996,0.07395657130330473
Stimulus shift,Variance gate,8,0.5,0.0767605368422741
Stimulus shift,Variance gate,8,0.5499999999999999,0.08462012381164292
Stimulus shift,Variance gate,8,0.6,0.07730095422148237
Stimulus shift,Variance gate,8,0.6499999999999999,0.08881633847574692
Stimulus shift,Variance gate,8,0.7,0.09155705719657393
Stimulus shift,Variance gate,8,0.75,0.10006533399884734
Stimulus shift,Variance gate,8,0.7999999999999999,0.09982746262038635
Stimulus shift,Variance gate,8,0.8499999999999999,0.09960484373405915
Stimulus shift,Variance gate,8,0.8999999999999999,0.10638724800282148
Stimulus shift,Variance gate,8,0.95,0.11390475376243925
Stimulus shift,Variance gate,8,1.0,0.11887599215101681
Stimulus shift,Variance gate,9,0.3,0.06520112542350608
Stimulus shift,Variance gate,9,0.35,0.06621940243600778
Stimulus shift,Variance gate,9,0.39999999999999997,0.0761158522106178
Stimulus shift,Variance gate,9,0.44999999999999996,0.07700674592127306
Stimulus shift,Variance gate,9,0.5,0.07676179505439691
Stimulus shift,Variance gate,9,0.5499999999999999,0.0799352228409753
Stimulus shift,Variance gate,9,0.6,0.0833229105399966
Stimulus shift,Variance gate,9,0.6499999999999999,0.08495927657428862
Stimulus shift,Variance gate,9,0.7,0.0889225543003944
Stimulus shift,Variance gate,9,0.75,0.09687414124554855
Stimulus shift,Variance gate,9,0.7999999999999999,0.09918811901228611
Stimulus shift,Variance gate,9,0.8499999999999999,0.09743875525318489
Stimulus shift,Variance gate,9,0.8999999999999999,0.1084796258014331
Stimulus shift,Variance gate,9,0.95,0.10836922336102196
Stimulus shift,Variance gate,9,1.0,0.11827465614224922
Stimulus shift,Variance gate,10,0.3,0.07416585955531463
Stimulus shift,Variance gate,10,0.35,0.0677110496727625
Stimulus shift,Variance gate,10,0.39999999999999997,0.07080791352339887
Stimulus shift,Variance gate,10,0.44999999999999996,0.07419113169165709
Stimulus shift,Variance gate,10,0.5,0.08137272269622149
Stimulus shift,Variance gate,10,0.5499999999999999,0.08252046858180662
Stimulus shift,Variance gate,10,0.6,0.08005071244410887
Stimulus shift,Variance gate,10,0.6499999999999999,0.08853615705617424
Stimulus shift,Variance gate,10,0.7,0.09279944642967894
Stimulus shift,Variance gate,10,0.75,0.09186876253446111
Stimulus shift,Variance gate,10,0.7999999999999999,0.10323742821141697
Stimulus shift,Variance gate,10,0.8499999999999999,0.10638328795603341
Stimulus shift,Variance gate,10,0.8999999999999999,0.10669011396632902
Stimulus shift,Variance gate,10,0.95,0.11433809297498143
Stimulus shift,Variance gate,10,1.0,0.12484103346081776
Stimulus shift,Variance gate,11,0.3,0.07298146203705898
Stimulus shift,Variance gate,11,0.35,0.06917004202113144
Stimulus shift,Variance gate,11,0.39999999999999997,0.07682459715927573
Stimulus shift,Variance gate,11,0.44999999999999996,0.07638093961006384
Stimulus shift,Variance gate,11,0.5,0.07176230840262886
Stimulus shift,Variance gate,11,0.5499999999999999,0.08204029375281692
Stimulus shift,Variance gate,11,0.6,0.08849119244571699
Stimulus shift,Variance gate,11,0.6499999999999999,0.08822840347009307
Stimulus shift,Variance gate,11,0.7,0.08923127315799034
Stimulus shift,Variance gate,11,0.75,0.09350056348874561
Stimulus shift,Variance gate,11,0.7999999999999999,0.095733609831485
Stimulus shift,Variance gate,11,0.8499999999999999,0.10207136453099983
Stimulus shift,Variance gate,11,0.8999999999999999,0.10856057567269008
Stimulus shift,Variance gate,11,0.95,0.11356792479033222
Stimulus shift,Variance gate,11,1.0,0.11872927933137935
Stimulus shift,Variance gate,12,0.3,0.06645178418511327
Stimulus shift,Variance gate,12,0.35,0.0733837054803438
Stimulus shift,Variance gate,12,0.39999999999999997,0.06999956085551215
Stimulus shift,Variance gate,12,0.44999999999999996,0.06994168087978167
Stimulus shift,Variance gate,12,0.5,0.07983599199120364
Stimulus shift,Variance gate,12,0.5499999999999999,0.08034922828972217
Stimulus shift,Variance gate,12,0.6,0.07833417899402341
Stimulus shift,Variance gate,12,0.6499999999999999,0.08236614769150379
Stimulus shift,Variance gate,12,0.7,0.09451388535830649
Stimulus shift,Variance gate,12,0.75,0.0895103471729042
Stimulus shift,Variance gate,12,0.7999999999999999,0.09831883716286789
Stimulus shift,Variance gate,12,0.8499999999999999,0.09733774113895248
Stimulus shift,Variance gate,12,0.8999999999999999,0.11276794258547748
Stimulus shift,Variance gate,12,0.95,0.11593486884318559
Stimulus shift,Variance gate,12,1.0,0.12304082702059549
Stimulus shift,Variance gate,13,0.3,0.07119854082006029
Stimulus shift,Variance gate,13,0.35,0.06464685551117606
Stimulus shift,Variance gate,13,0.39999999999999997,0.07075051285817427
Stimulus shift,Variance gate,13,0.44999999999999996,0.07266047660115722
Stimulus shift,Variance gate,13,0.5,0.07563218923688539
Stimulus shift,Variance gate,13,0.5499999999999999,0.08325369995664854
Stimulus shift,Variance gate,13,0.6,0.08708228062166387
Stimulus shift,Variance gate,13,0.6499999999999999,0.08607262684417709
Stimulus shift,Variance gate,13,0.7,0.0820643111226523
Stimulus shift,Variance gate,13,0.75,0.09536515469957411
Stimulus shift,Variance gate,13,0.7999999999999999,0.10268192751155827
Stimulus shift,Variance gate,13,0.8499999999999999,0.10555886392686074
Stimulus shift,Variance gate,13,0.8999999999999999,0.10505215972451012
Stimulus shift,Variance gate,13,0.95,0.11803554218419596
Stimulus shift,Variance gate,13,1.0,0.11614817890322865
Stimulus shift,Variance gate,14,0.3,0.07023146260808641
Stimulus shift,Variance gate,14,0.35,0.07237899021583281
Stimulus shift,Variance gate,14,0.39999999999999997,0.0627244413793692
Stimulus shift,Variance gate,14,0.44999999999999996,0.07818742790520154
Stimulus shift,Variance gate,14,0.5,0.07411979709964456
Stimulus shift,Variance gate,14,0.5499999999999999,0.07822552623229437
Stimulus shift,Variance gate,14,0.6,0.08263999524876807
Stimulus shift,Variance gate,14,0.6499999999999999,0.08309416355232774
Stimulus shift,Variance gate,14,0.7,0.09491782184123158
Stimulus shift,Variance gate,14,0.75,0.09215462527533122
Stimulus shift,Variance gate,14,0.7999999999999999,0.0992846937322822
Stimulus shift,Variance gate,14,0.8499999999999999,0.10639091039004524
Stimulus shift,Variance gate,14,0.8999999999999999,0.10885528751417657
Stimulus shift,Variance gate,14,0.95,0.1072302682709596
Stimulus shift,Variance gate,14,1.0,0.11826382325807766
Stimulus shift,Variance gate,15,0.3,0.06390967580552724
Stimulus shift,Variance gate,15,0.35,0.06596333020610431
Stimulus shift,Variance gate,15,0.39999999999999997,0.07515663869730033
Stimulus shift,Variance gate,15,0.44999999999999996,0.07032159336239281
Stimulus shift,Variance gate,15,0.5,0.08034889368053033
Stimulus shift,Variance gate,15,0.5499999999999999,0.08216883898985067
Stimulus shift,Variance gate,15,0.6,0.08200754228688903
Stimulus shift,Variance gate,15,0.6499999999999999,0.08612128747299626
Stimulus shift,Variance gate,15,0.7,0.08735197159077994
Stimulus shift,Variance gate,15,0.75,0.09405924811736552
Stimulus shift,Variance gate,15,0.7999999999999999,0.09795700134648862
Stimulus shift,Variance gate,15,0.8499999999999999,0.09983981730625513
Stimulus shift,Variance gate,15,0.8999999999999999,0.10542444056964755
Stimulus shift,Variance gate,15,0.95,0.11204509584498275
Stimulus shift,Variance gate,15,1.0,0.12419185821080501
Stimulus shift,Full gate,1,0.3,0.05268391135186274
Stimulus shift,Full gate,1,0.35,0.05790839543814745
Stimulus shift,Full gate,1,0.39999999999999997,0.057237542638889166
Stimulus shift,Full gate,1,0.44999999999999996,0.05795723250512761
Stimulus shift,Full gate,1,0.5,0.05507827772785405
Stimulus shift,Full gate,1,0.5499999999999999,0.058254410054260956
Stimulus shift,Full gate,1,0.6,0.06450901596019899
Stimulus shift,Full gate,1,0.6499999999999999,0.06422410973690622
Stimulus shift,Full gate,1,0.7,0.06972232907953507
Stimulus shift,Full gate,1,0.75,0.06577830508480964
Stimulus shift,Full gate,1,0.7999999999999999,0.07270817990566754
Stimulus shift,Full gate,1,0.8499999999999999,0.08051450828156799
Stimulus shift,Full gate,1,0.8999999999999999,0.08280221964974666
Stimulus shift,Full gate,1,0.95,0.08656401141050157
Stimulus shift,Full gate,1,1.0,0.09566643434277293
Stimulus shift,Full gate,2,0.3,0.049875125642149944
Stimulus shift,Full gate,2,0.35,0.05495118101013237
Stimulus shift,Full gate,2,0.39999999999999997,0.051191719160889694
Stimulus shift,Full gate,2,0.44999999999999996,0.05250226818413703
Stimulus shift,Full gate,2,0.5,0.060161010397926776
Stimulus shift,Full gate,2,0.5499999999999999,0.058954811891388986
Stimulus shift,Full gate,2,0.6,0.062309976813730066
Stimulus shift,Full gate,2,0.6499999999999999,0.06822149706367704
Stimulus shift,Full gate,2,0.7,0.07015970199571554
Stimulus shift,Full gate,2,0.75,0.07250708352685897
Stimulus shift,Full gate,2,0.7999999999999999,0.07305296102295246
Stimulus shift,Full gate,2,0.8499999999999999,0.07790701994187499
Stimulus shift,Full gate,2,0.8999999999999999,0.0802359904345758
Stimulus shift,Full gate,2,0.95,0.08625726705156256
Stimulus shift,Full gate,2,1.0,0.09245767666904695
Stimulus shift,Full gate,3,0.3,0.056231219116753786
Stimulus shift,Full gate,3,0.35,0.05520910812845833
Stimulus shift,Full gate,3,0.39999999999999997,0.05546851826286001
Stimulus shift,Full gate,3,0.44999999999999996,0.055958347854377345
Stimulus shift,Full gate,3,0.5,0.058462955134091624
Stimulus shift,Full gate,3,0.5499999999999999,0.06901591303656941
Stimulus shift,Full gate,3,0.6,0.05759270766241491
Stimulus shift,Full gate,3,0.6499999999999999,0.06781895851600445
Stimulus shift,Full gate,3,0.7,0.06759902562839812
Stimulus shift,Full gate,3,0.75,0.07307977731950592
Stimulus shift,Full gate,3,0.7999999999999999,0.07393965202589413
Stimulus shift,Full gate,3,0.8499999999999999,0.07501807072286062
Stimulus shift,Full gate,3,0.8999999999999999,0.08198915602824602
Stimulus shift,Full gate,3,0.95,0.08239724814177467
Stimulus shift,Full gate,3,1.0,0.08333577098351545
Stimulus shift,Full gate,4,0.3,0.048640490203246886
Stimulus shift,Full gate,4,0.35,0.057380490849289055
Stimulus shift,Full gate,4,0.39999999999999997,0.05738978286098961
Stimulus shift,Full gate,4,0.44999999999999996,0.058970051501692385
Stimulus shift,Full gate,4,0.5,0.05502008503891441
Stimulus shift,Full gate,4,0.5499999999999999,0.06348253904894768
Stimulus shift,Full gate,4,0.6,0.06323152341385706
Stimulus shift,Full gate,4,0.6499999999999999,0.0670253349566888
Stimulus shift,Full gate,4,0.7,0.06866444746452538
Stimulus shift,Full gate,4,0.75,0.0735569315839372
Stimulus shift,Full gate,4,0.7999999999999999,0.07867474090695563
Stimulus shift,Full gate,4,0.8499999999999999,0.08229142639223275
Stimulus shift,Full gate,4,0.8999999999999999,0.07754527960471573
Stimulus shift,Full gate,4,0.95,0.08622870616845983
Stimulus shift,Full gate,4,1.0,0.09526302452066546
Stimulus shift,Full gate,5,0.3,0.054043766768423
Stimulus shift,Full gate,5,0.35,0.051897925374870375
Stimulus shift,Full gate,5,0.39999999999999997,0.05283195678792538
Stimulus shift,Full gate,5,0.44999999999999996,0.05214609741211579
Stimulus shift,Full gate,5,0.5,0.05718587781780589
Stimulus shift,Full gate,5,0.5499999999999999,0.062039468532850375
Stimulus shift,Full gate,5,0.6,0.055768198034032074
Stimulus shift,Full gate,5,0.6499999999999999,0.06410257783364537
Stimulus shift,Full gate,5,0.7,0.06770314782843086
Stimulus shift,Full gate,5,0.75,0.07017508550234591
Stimulus shift,Full gate,5,0.7999999999999999,0.07495419947032222
Stimulus shift,Full gate,5,0.8499999999999999,0.07793435477236317
Stimulus shift,Full gate,5,0.8999999999999999,0.077802642422354
Stimulus shift,Full gate,5,0.95,0.08623863679061071
Stimulus shift,Full gate,5,1.0,0.09138168226798118
Stimulus shift,Full gate,6,0.3,0.05586669712157741
Stimulus shift,Full gate,6,0.35,0.05136726730536913
Stimulus shift,Full gate,6,0.39999999999999997,0.0517823000549222
Stimulus shift,Full gate,6,0.44999999999999996,0.053412859138993705
Stimulus shift,Full gate,6,0.5,0.05629315323797663
Stimulus shift,Full gate,6,0.5499999999999999,0.05946921814698172
Stimulus shift,Full gate,6,0.6,0.06301644491679552
Stimulus shift,Full gate,6,0.6499999999999999,0.06266849273683105
Stimulus shift,Full gate,6,0.7,0.06863635233517261
Stimulus shift,Full gate,6,0.75,0.07199176921187941
Stimulus shift,Full gate,6,0.7999999999999999,0.0764675631014197
Stimulus shift,Full gate,6,0.8499999999999999,0.08103023214953076
Stimulus shift,Full gate,6,0.8999999999999999,0.07627470238167294
Stimulus shift,Full gate,6,0.95,0.08461539141808329
Stimulus shift,Full gate,6,1.0,0.09158198875294045
Stimulus shift,Full gate,7,0.3,0.05671275594453161
Stimulus shift,Full gate,7,0.35,0.05059167814502075
Stimulus shift,Full gate,7,0.39999999999999997,0.05307415198317683
Stimulus shift,Full gate,7,0.44999999999999996,0.05391409593895475
Stimulus shift,Full gate,7,0.5,0.06186865610128205
Stimulus shift,Full gate,7,0.5499999999999999,0.05760467832354699
Stimulus shift,Full gate,7,0.6,0.065376267039966
Stimulus shift,Full gate,7,0.6499999999999999,0.06743887206264655
Stimulus shift,Full gate,7,0.7,0.06995471095894713
Stimulus shift,Full gate,7,0.75,0.06798534970816729
Stimulus shift,Full gate,7,0.7999999999999999,0.07794802702363837
Stimulus shift,Full gate,7,0.8499999999999999,0.07585736978984958
Stimulus shift,Full gate,7,0.8999999999999999,0.0834720131740733
Stimulus shift,Full gate,7,0.95,0.09034866466751793
Stimulus shift,Full gate,7,1.0,0.09075498719763415
Stimulus shift,Full gate,8,0.3,0.05253775533944506
Stimulus shift,Full gate,8,0.35,0.051889839686811726
Stimulus shift,Full gate,8,0.39999999999999997,0.053269979284865356
Stimulus shift,Full gate,8,0.44999999999999996,0.05682863270750069
Stimulus shift,Full gate,8,0.5,0.061214299272612085
Stimulus shift,Full gate,8,0.5499999999999999,0.0588787776845615
Stimulus shift,Full gate,8,0.6,0.057318133035112455
Stimulus shift,Full gate,8,0.6499999999999999,0.07012390148617803
Stimulus shift,Full gate,8,0.7,0.07076823308658448
Stimulus shift,Full gate,8,0.75,0.07138000692005984
Stimulus shift,Full gate,8,0.7999999999999999,0.0773802580594625
Stimulus shift,Full gate,8,0.8499999999999999,0.07448536323072517
Stimulus shift,Full gate,8,0.8999999999999999,0.08696469679564439
Stimulus shift,Full gate,8,0.95,0.08194186759130878
Stimulus shift,Full gate,8,1.0,0.0870458178851636
Stimulus shift,Full gate,9,0.3,0.05104187594118232
Stimulus shift,Full gate,9,0.35,0.05359268874817039
Stimulus shift,Full gate,9,0.39999999999999997,0.05500243993040699
Stimulus shift,Full gate,9,0.44999999999999996,0.051799729956554304
Stimulus shift,Full gate,9,0.5,0.05685694158987661
Stimulus shift,Full gate,9,0.5499999999999999,0.055833490451022434
Stimulus shift,Full gate,9,0.6,0.0683327525616013
Stimulus shift,Full gate,9,0.6499999999999999,0.06299536245529616
Stimulus shift,Full gate,9,0.7,0.05859524805121308
Stimulus shift,Full gate,9,0.75,0.07212573050735285
Stimulus shift,Full gate,9,0.7999999999999999,0.0742062235624518
Stimulus shift,Full gate,9,0.8499999999999999,0.07812551249541609
Stimulus shift,Full gate,9,0.8999999999999999,0.0817329781645783
Stimulus shift,Full gate,9,0.95,0.08557886955686762
Stimulus shift,Full gate,9,1.0,0.09429051577917785
Stimulus shift,Full gate,10,0.3,0.048670039712404196
Stimulus shift,Full gate,10,0.35,0.04535499753420362
Stimulus shift,Full gate,10,0.39999999999999997,0.055365479063001405
Stimulus shift,Full gate,10,0.44999999999999996,0.054571814382945866
Stimulus shift,Full gate,10,0.5,0.06233896590360955
Stimulus shift,Full gate,10,0.5499999999999999,0.061649820220015264
Stimulus shift,Full gate,10,0.6,0.059570603392687604
Stimulus shift,Full gate,10,0.6499999999999999,0.06831345249885817
Stimulus shift,Full gate,10,0.7,0.06788486995878618
Stimulus shift,Full gate,10,0.75,0.07229514771421595
Stimulus shift,Full gate,10,0.7999999999999999,0.06948424341813117
Stimulus shift,Full gate,10,0.8499999999999999,0.07776103126372169
Stimulus shift,Full gate,10,0.8999999999999999,0.07988007425391212
Stimulus shift,Full gate,10,0.95,0.08440219963241453
Stimulus shift,Full gate,10,1.0,0.09308729430016054
Stimulus shift,Full gate,11,0.3,0.05371719300503801
Stimulus shift,Full gate,11,0.35,0.05066911575176439
Stimulus shift,Full gate,11,0.39999999999999997,0.05816799597147064
Stimulus shift,Full gate,11,0.44999999999999996,0.05936490309506243
Stimulus shift,Full gate,11,0.5,0.05687502984581522
Stimulus shift,Full gate,11,0.5499999999999999,0.05737283708878214
Stimulus shift,Full gate,11,0.6,0.06610030497478096
Stimulus shift,Full gate,11,0.6499999999999999,0.06433071433162592
Stimulus shift,Full gate,11,0.7,0.061673992770870247
Stimulus shift,Full gate,11,0.75,0.06819852309797478
Stimulus shift,Full gate,11,0.7999999999999999,0.07364786829617154
Stimulus shift,Full gate,11,0.8499999999999999,0.08178199806511556
Stimulus shift,Full gate,11,0.8999999999999999,0.08561358660006564
Stimulus shift,Full gate,11,0.95,0.08515529553376629
Stimulus shift,Full gate,11,1.0,0.08966554948833792
Stimulus shift,Full gate,12,0.3,0.04706631338587792
Stimulus shift,Full gate,12,0.35,0.056856947122010004
Stimulus shift,Full gate,12,0.39999999999999997,0.05177160213308222
Stimulus shift,Full gate,12,0.44999999999999996,0.05568148590838486
Stimulus shift,Full gate,12,0.5,0.056408074313485775
Stimulus shift,Full gate,12,0.5499999999999999,0.06205123134068137
Stimulus shift,Full gate,12,0.6,0.06529696470571167
Stimulus shift,Full gate,12,0.6499999999999999,0.06625215658313931
Stimulus shift,Full gate,12,0.7,0.06356253205624532
Stimulus shift,Full gate,12,0.75,0.07486666701711023
Stimulus shift,Full gate,12,0.7999999999999999,0.07766852172254518
Stimulus shift,Full gate,12,0.8499999999999999,0.0763487593318506
Stimulus shift,Full gate,12,0.8999999999999999,0.07905296820688094
Stimulus shift,Full gate,12,0.95,0.08778439144331777
Stimulus shift,Full gate,12,1.0,0.0955295654149778
Stimulus shift,Full gate,13,0.3,0.0541231377217019
Stimulus shift,Full gate,13,0.35,0.04714273056103508
Stimulus shift,Full gate,13,0.39999999999999997,0.04897814643682429
Stimulus shift,Full gate,13,0.44999999999999996,0.05879290142675475
Stimulus shift,Full gate,13,0.5,0.05598144291996523
Stimulus shift,Full gate,13,0.5499999999999999,0.06051549955649798
Stimulus shift,Full gate,13,0.6,0.0658432650060368
Stimulus shift,Full gate,13,0.6499999999999999,0.07319011272499075
Stimulus shift,Full gate,13,0.7,0.06901406108059906
Stimulus shift,Full gate,13,0.75,0.07374087355317271
Stimulus shift,Full gate,13,0.7999999999999999,0.0728321009077899
Stimulus shift,Full gate,13,0.8499999999999999,0.0769922218234123
Stimulus shift,Full gate,13,0.8999999999999999,0.08333912258660606
Stimulus shift,Full gate,13,0.95,0.08529846471909708
Stimulus shift,Full gate,13,1.0,0.08904681647733664
Stimulus shift,Full gate,14,0.3,0.048999078268201504
Stimulus shift,Full gate,14,0.35,0.051721759454820514
Stimulus shift,Full gate,14,0.39999999999999997,0.05615236995058499
Stimulus shift,Full gate,14,0.44999999999999996,0.05287707253843149
Stimulus shift,Full gate,14,0.5,0.05445077281811486
Stimulus shift,Full gate,14,0.5499999999999999,0.05314860218801632
Stimulus shift,Full gate,14,0.6,0.0618436724188637
Stimulus shift,Full gate,14,0.6499999999999999,0.06557926631452426
Stimulus shift,Full gate,14,0.7,0.07046620592442845
Stimulus shift,Full gate,14,0.75,0.0743834754851804
Stimulus shift,Full gate,14,0.7999999999999999,0.07376808207510581
Stimulus shift,Full gate,14,0.8499999999999999,0.07677229681170102
Stimulus shift,Full gate,14,0.8999999999999999,0.08082541348681464
Stimulus shift,Full gate,14,0.95,0.08216204391487951
Stimulus shift,Full gate,14,1.0,0.09125004729462405
Stimulus shift,Full gate,15,0.3,0.05269976693814592
Stimulus shift,Full gate,15,0.35,0.05386364133383476
Stimulus shift,Full gate,15,0.39999999999999997,0.055021678506699444
Stimulus shift,Full gate,15,0.44999999999999996,0.05712645074892365
Stimulus shift,Full gate,15,0.5,0.06138700131097848
Stimulus shift,Full gate,15,0.5499999999999999,0.05723106711283037
Stimulus shift,Full gate,15,0.6,0.06611100649651498
Stimulus shift,Full gate,15,0.6499999999999999,0.07200400117972551
Stimulus shift,Full gate,15,0.7,0.06593273737143383
Stimulus shift,Full gate,15,0.75,0.07166264709076144
Stimulus shift,Full gate,15,0.7999999999999999,0.0670408022444966
Stimulus shift,Full gate,15,0.8499999999999999,0.07584613515402641
Stimulus shift,Full gate,15,0.8999999999999999,0.084005355386924
Stimulus shift,Full gate,15,0.95,0.0827754902867917
Stimulus shift,Full gate,15,1.0,0.09480105638537534
Coupled shift,Variance gate,1,0.3,0.10148213286221541
Coupled shift,Variance gate,1,0.35,0.10936978149065697
Coupled shift,Variance gate,1,0.39999999999999997,0.10664724347367789
Coupled shift,Variance gate,1,0.44999999999999996,0.11163974425181955
Coupled shift,Variance gate,1,0.5,0.11234254773784694
Coupled shift,Variance gate,1,0.5499999999999999,0.11725331330961639
Coupled shift,Variance gate,1,0.6,0.11108100110769677
Coupled shift,Variance gate,1,0.6499999999999999,0.11719327133407134
Coupled shift,Variance gate,1,0.7,0.12468375254255665
Coupled shift,Variance gate,1,0.75,0.1304114909880198
Coupled shift,Variance gate,1,0.7999999999999999,0.12911946575356645
Coupled shift,Variance gate,1,0.8499999999999999,0.13904155795597284
Coupled shift,Variance gate,1,0.8999999999999999,0.1448411988557402
Coupled shift,Variance gate,1,0.95,0.14730015396487986
Coupled shift,Variance gate,1,1.0,0.15696541640515166
Coupled shift,Variance gate,2,0.3,0.10528152073942161
Coupled shift,Variance gate,2,0.35,0.10224360965111996
Coupled shift,Variance gate,2,0.39999999999999997,0.1009273075974424
Coupled shift,Variance gate,2,0.44999999999999996,0.11187798344845841
Coupled shift,Variance gate,2,0.5,0.11579518998505715
Coupled shift,Variance gate,2,0.5499999999999999,0.11978187344603258
Coupled shift,Variance gate,2,0.6,0.11280757406058925
Coupled shift,Variance gate,2,0.6499999999999999,0.1222034565814424
Coupled shift,Variance gate,2,0.7,0.12681005340527435
Coupled shift,Variance gate,2,0.75,0.13299605405911416
Coupled shift,Variance gate,2,0.7999999999999999,0.13002453172567197
Coupled shift,Variance gate,2,0.8499999999999999,0.13940387657327893
Coupled shift,Variance gate,2,0.8999999999999999,0.13696210535507453
Coupled shift,Variance gate,2,0.95,0.14588985205446478
Coupled shift,Variance gate,2,1.0,0.15268685167523036
Coupled shift,Variance gate,3,0.3,0.10151792032586544
Coupled shift,Variance gate,3,0.35,0.10179141719669216
Coupled shift,Variance gate,3,0.39999999999999997,0.10371999673201995
Coupled shift,Variance gate,3,0.44999999999999996,0.10381547048914028
Coupled shift,Variance gate,3,0.5,0.11048267218626474
Coupled shift,Variance gate,3,0.5499999999999999,0.10926198896279128
Coupled shift,Variance gate,3,0.6,0.12053941168027202
Coupled shift,Variance gate,3,0.6499999999999999,0.11834727249356297
Coupled shift,Variance gate,3,0.7,0.1261605728090445
Coupled shift,Variance gate,3,0.75,0.12866771710247302
Coupled shift,Variance gate,3,0.7999999999999999,0.13067045903740612
Coupled shift,Variance gate,3,0.8499999999999999,0.13784235467274142
Coupled shift,Variance gate,3,0.8999999999999999,0.14450436280382722
Coupled shift,Variance gate,3,0.95,0.1467759357243165
Coupled shift,Variance gate,3,1.0,0.14975538276685546
Coupled shift,Variance gate,4,0.3,0.10220060796223167
Coupled shift,Variance gate,4,0.35,0.10521647061316934
Coupled shift,Variance gate,4,0.39999999999999997,0.10866281771254105
Coupled shift,Variance gate,4,0.44999999999999996,0.10900891359403464
Coupled shift,Variance gate,4,0.5,0.11408701202208
Coupled shift,Variance gate,4,0.5499999999999999,0.11239551459180516
Coupled shift,Variance gate,4,0.6,0.12214675052442707
Coupled shift,Variance gate,4,0.6499999999999999,0.11471060355477639
Coupled shift,Variance gate,4,0.7,0.12155930461383084
Coupled shift,Variance gate,4,0.75,0.12829774906811225
Coupled shift,Variance gate,4,0.7999999999999999,0.13370505333107585
Coupled shift,Variance gate,4,0.8499999999999999,0.14005380153507574
Coupled shift,Variance gate,4,0.8999999999999999,0.14222455051349314
Coupled shift,Variance gate,4,0.95,0.14717111025528914
Coupled shift,Variance gate,4,1.0,0.15370983821930465
Coupled shift,Variance gate,5,0.3,0.10387311000257196
Coupled shift,Variance gate,5,0.35,0.10429624546441467
Coupled shift,Variance gate,5,0.39999999999999997,0.10437703476567418
Coupled shift,Variance gate,5,0.44999999999999996,0.10981619980501299
Coupled shift,Variance gate,5,0.5,0.11556491076880149
Coupled shift,Variance gate,5,0.5499999999999999,0.11360665192483957
Coupled shift,Variance gate,5,0.6,0.11783728769560366
Coupled shift,Variance gate,5,0.6499999999999999,0.1190808078152183
Coupled shift,Variance gate,5,0.7,0.12013735948956603
Coupled shift,Variance gate,5,0.75,0.12370770636785819
Coupled shift,Variance gate,5,0.7999999999999999,0.13366999520789846
Coupled shift,Variance gate,5,0.8499999999999999,0.14372736310776005
Coupled shift,Variance gate,5,0.8999999999999999,0.14073054618593628
Coupled shift,Variance gate,5,0.95,0.14907273837217214
Coupled shift,Variance gate,5,1.0,0.1502464909930732
Coupled shift,Variance gate,6,0.3,0.10124630984448757
Coupled shift,Variance gate,6,0.35,0.10236293802342682
Coupled shift,Variance gate,6,0.39999999999999997,0.10636189221632146
Coupled shift,Variance gate,6,0.44999999999999996,0.1079365323128671
Coupled shift,Variance gate,6,0.5,0.11291749772364597
Coupled shift,Variance gate,6,0.5499999999999999,0.11169972836852325
Coupled shift,Variance gate,6,0.6,0.12244829410064531
Coupled shift,Variance gate,6,0.6499999999999999,0.12468267313312545
Coupled shift,Variance gate,6,0.7,0.1189308888612583
Coupled shift,Variance gate,6,0.75,0.1268551276329202
Coupled shift,Variance gate,6,0.7999999999999999,0.13290107373822174
Coupled shift,Variance gate,6,0.8499999999999999,0.1389562516867571
Coupled shift,Variance gate,6,0.8999999999999999,0.15130439932131784
Coupled shift,Variance gate,6,0.95,0.14638687864531053
Coupled shift,Variance gate,6,1.0,0.1507545977198821
Coupled shift,Variance gate,7,0.3,0.1002280608321476
Coupled shift,Variance gate,7,0.35,0.10450709867252816
Coupled shift,Variance gate,7,0.39999999999999997,0.10508850167595044
Coupled shift,Variance gate,7,0.44999999999999996,0.10723455731606833
Coupled shift,Variance gate,7,0.5,0.10946676242566204
Coupled shift,Variance gate,7,0.5499999999999999,0.11679287656353972
Coupled shift,Variance gate,7,0.6,0.11510222535460073
Coupled shift,Variance gate,7,0.6499999999999999,0.12462455606115048
Coupled shift,Variance gate,7,0.7,0.12292683097186304
Coupled shift,Variance gate,7,0.75,0.12979203726634767
Coupled shift,Variance gate,7,0.7999999999999999,0.1378364593412509
Coupled shift,Variance gate,7,0.8499999999999999,0.13372497715044634
Coupled shift,Variance gate,7,0.8999999999999999,0.13483583527801168
Coupled shift,Variance gate,7,0.95,0.1498723206716685
Coupled shift,Variance gate,7,1.0,0.15406120727276804
Coupled shift,Variance gate,8,0.3,0.10367111503437788
Coupled shift,Variance gate,8,0.35,0.10089920127259108
Coupled shift,Variance gate,8,0.39999999999999997,0.10514581479860943
Coupled shift,Variance gate,8,0.44999999999999996,0.1086219738308681
Coupled shift,Variance gate,8,0.5,0.11299580745789746
Coupled shift,Variance gate,8,0.5499999999999999,0.11600297666567724
Coupled shift,Variance gate,8,0.6,0.11485607649355277
Coupled shift,Variance gate,8,0.6499999999999999,0.1213670005387013
Coupled shift,Variance gate,8,0.7,0.12508320958565583
Coupled shift,Variance gate,8,0.75,0.12774960574114283
Coupled shift,Variance gate,8,0.7999999999999999,0.12682096635355095
Coupled shift,Variance gate,8,0.8499999999999999,0.13791761334988265
Coupled shift,Variance gate,8,0.8999999999999999,0.1421716946403252
Coupled shift,Variance gate,8,0.95,0.14730211905741303
Coupled shift,Variance gate,8,1.0,0.15180549749898958
Coupled shift,Variance gate,9,0.3,0.10133136690926187
Coupled shift,Variance gate,9,0.35,0.10829171369653974
Coupled shift,Variance gate,9,0.39999999999999997,0.10469648136745015
Coupled shift,Variance gate,9,0.44999999999999996,0.10778960076581971
Coupled shift,Variance gate,9,0.5,0.11582845432406298
Coupled shift,Variance gate,9,0.5499999999999999,0.11394133664399572
Coupled shift,Variance gate,9,0.6,0.11446139350437208
Coupled shift,Variance gate,9,0.6499999999999999,0.12375868272534558
Coupled shift,Variance gate,9,0.7,0.12308953009417771
Coupled shift,Variance gate,9,0.75,0.12971531399221098
Coupled shift,Variance gate,9,0.7999999999999999,0.13133075340467762
Coupled shift,Variance gate,9,0.8499999999999999,0.13971520332675996
Coupled shift,Variance gate,9,0.8999999999999999,0.14392152717839243
Coupled shift,Variance gate,9,0.95,0.14764243704467295
Coupled shift,Variance gate,9,1.0,0.1522445203695761
Coupled shift,Variance gate,10,0.3,0.1074726824922376
Coupled shift,Variance gate,10,0.35,0.10333540413687581
Coupled shift,Variance gate,10,0.39999999999999997,0.10419759425085832
Coupled shift,Variance gate,10,0.44999999999999996,0.11014762696476452
Coupled shift,Variance gate,10,0.5,0.11414102612262826
Coupled shift,Variance gate,10,0.5499999999999999,0.11370665496952002
Coupled shift,Variance gate,10,0.6,0.12124583990926308
Coupled shift,Variance gate,10,0.6499999999999999,0.12364925174877775
Coupled shift,Variance gate,10,0.7,0.1250548950412772
Coupled shift,Variance gate,10,0.75,0.12994362066409457
Coupled shift,Variance gate,10,0.7999999999999999,0.13595988282660376
Coupled shift,Variance gate,10,0.8499999999999999,0.1412540272248659
Coupled shift,Variance gate,10,0.8999999999999999,0.1398149009748558
Coupled shift,Variance gate,10,0.95,0.1520714519384009
Coupled shift,Variance gate,10,1.0,0.15082003429172616
Coupled shift,Variance gate,11,0.3,0.10536629395541923
Coupled shift,Variance gate,11,0.35,0.1092530826778623
Coupled shift,Variance gate,11,0.39999999999999997,0.10938680853014582
Coupled shift,Variance gate,11,0.44999999999999996,0.1066446125464488
Coupled shift,Variance gate,11,0.5,0.10882015336914834
Coupled shift,Variance gate,11,0.5499999999999999,0.11695246601632715
Coupled shift,Variance gate,11,0.6,0.11795034580837684
Coupled shift,Variance gate,11,0.6499999999999999,0.11747982725033472
Coupled shift,Variance gate,11,0.7,0.12343249720508191
Coupled shift,Variance gate,11,0.75,0.12941324085678949
Coupled shift,Variance gate,11,0.7999999999999999,0.138480876148752
Coupled shift,Variance gate,11,0.8499999999999999,0.13573218074622498
Coupled shift,Variance gate,11,0.8999999999999999,0.1427899992932272
Coupled shift,Variance gate,11,0.95,0.14562312255786122
Coupled shift,Variance gate,11,1.0,0.15155387757186817
Coupled shift,Variance gate,12,0.3,0.10045415091115706
Coupled shift,Variance gate,12,0.35,0.10588597528687695
Coupled shift,Variance gate,12,0.39999999999999997,0.1043639526666954
Coupled shift,Variance gate,12,0.44999999999999996,0.1113173564874622
Coupled shift,Variance gate,12,0.5,0.11096213800384651
Coupled shift,Variance gate,12,0.5499999999999999,0.11594501002016304
Coupled shift,Variance gate,12,0.6,0.1167367515229299
Coupled shift,Variance gate,12,0.6499999999999999,0.11742266931098104
Coupled shift,Variance gate,12,0.7,0.1195175687181885
Coupled shift,Variance gate,12,0.75,0.12649553791248128
Coupled shift,Variance gate,12,0.7999999999999999,0.13388133947528616
Coupled shift,Variance gate,12,0.8499999999999999,0.13882474231282993
Coupled shift,Variance gate,12,0.8999999999999999,0.14242816168621378
Coupled shift,Variance gate,12,0.95,0.14416147868229193
Coupled shift,Variance gate,12,1.0,0.15165331025182993
Coupled shift,Variance gate,13,0.3,0.10077067253776295
Coupled shift,Variance gate,13,0.35,0.10919798024465781
Coupled shift,Variance gate,13,0.39999999999999997,0.10659582321259016
Coupled shift,Variance gate,13,0.44999999999999996,0.11015406311744025
Coupled shift,Variance gate,13,0.5,0.11133809318888652
Coupled shift,Variance gate,13,0.5499999999999999,0.11253094447698257
Coupled shift,Variance gate,13,0.6,0.11339032438235976
Coupled shift,Variance gate,13,0.6499999999999999,0.11978914366972025
Coupled shift,Variance gate,13,0.7,0.12450988307802306
Coupled shift,Variance gate,13,0.75,0.13006147035942942
Coupled shift,Variance gate,13,0.7999999999999999,0.133797888055432
Coupled shift,Variance gate,13,0.8499999999999999,0.14172393513997378
Coupled shift,Variance gate,13,0.8999999999999999,0.14386350378283924
Coupled shift,Variance gate,13,0.95,0.15413404436649775
Coupled shift,Variance gate,13,1.0,0.14908765291041395
Coupled shift,Variance gate,14,0.3,0.10122859785495214
Coupled shift,Variance gate,14,0.35,0.10319755139998871
Coupled shift,Variance gate,14,0.39999999999999997,0.10778981488013928
Coupled shift,Variance gate,14,0.44999999999999996,0.10877138552072607
Coupled shift,Variance gate,14,0.5,0.11261294882269357
Coupled shift,Variance gate,14,0.5499999999999999,0.11682649552955221
Coupled shift,Variance gate,14,0.6,0.12170333818020168
Coupled shift,Variance gate,14,0.6499999999999999,0.1233749684872803
Coupled shift,Variance gate,14,0.7,0.12411409460615914
Coupled shift,Variance gate,14,0.75,0.12843542203142277
Coupled shift,Variance gate,14,0.7999999999999999,0.1341115207802681
Coupled shift,Variance gate,14,0.8499999999999999,0.13669320766885368
Coupled shift,Variance gate,14,0.8999999999999999,0.14024806363453082
Coupled shift,Variance gate,14,0.95,0.1490349176795825
Coupled shift,Variance gate,14,1.0,0.15322949541519565
Coupled shift,Variance gate,15,0.3,0.10120775926579027
Coupled shift,Variance gate,15,0.35,0.11089158893861048
Coupled shift,Variance gate,15,0.39999999999999997,0.10863489311924364
Coupled shift,Variance gate,15,0.44999999999999996,0.11207122352112309
Coupled shift,Variance gate,15,0.5,0.10522541859279584
Coupled shift,Variance gate,15,0.5499999999999999,0.11002267066742205
Coupled shift,Variance gate,15,0.6,0.12209141245723466
Coupled shift,Variance gate,15,0.6499999999999999,0.1191826965197628
Coupled shift,Variance gate,15,0.7,0.1266088261935028
Coupled shift,Variance gate,15,0.75,0.12455271868545124
Coupled shift,Variance gate,15,0.7999999999999999,0.12463896244656282
Coupled shift,Variance gate,15,0.8499999999999999,0.13860312863878396
Coupled shift,Variance gate,15,0.8999999999999999,0.139892163123982
Coupled shift,Variance gate,15,0.95,0.13792291034078133
Coupled shift,Variance gate,15,1.0,0.1533865395510722
Coupled shift,Full gate,1,0.3,0.08357048738023677
Coupled shift,Full gate,1,0.35,0.07890670956373819
Coupled shift,Full gate,1,0.39999999999999997,0.07922764959650098
Coupled shift,Full gate,1,0.44999999999999996,0.0833840913004056
Coupled shift,Full gate,1,0.5,0.0846611201255346
Coupled shift,Full gate,1,0.5499999999999999,0.08987700444165406
Coupled shift,Full gate,1,0.6,0.09080626959114778
Coupled shift,Full gate,1,0.6499999999999999,0.08669234462921707
Coupled shift,Full gate,1,0.7,0.09501962591034747
Coupled shift,Full gate,1,0.75,0.09652862425506847
Coupled shift,Full gate,1,0.7999999999999999,0.09777934196515754
Coupled shift,Full gate,1,0.8499999999999999,0.1033310845545251
Coupled shift,Full gate,1,0.8999999999999999,0.10901841444338248
Coupled shift,Full gate,1,0.95,0.10917057423123243
Coupled shift,Full gate,1,1.0,0.11940445584431097
Coupled shift,Full gate,2,0.3,0.08128990903017919
Coupled shift,Full gate,2,0.35,0.0805443666675459
Coupled shift,Full gate,2,0.39999999999999997,0.08558763659301656
Coupled shift,Full gate,2,0.44999999999999996,0.08486326939073002
Coupled shift,Full gate,2,0.5,0.08558011513521366
Coupled shift,Full gate,2,0.5499999999999999,0.08284995483466122
Coupled shift,Full gate,2,0.6,0.08717880809838592
Coupled shift,Full gate,2,0.6499999999999999,0.09204209787143829
Coupled shift,Full gate,2,0.7,0.08651489627545002
Coupled shift,Full gate,2,0.75,0.09674253017403457
Coupled shift,Full gate,2,0.7999999999999999,0.09926199625639487
Coupled shift,Full gate,2,0.8499999999999999,0.10690437476720858
Coupled shift,Full gate,2,0.8999999999999999,0.11233715281172951
Coupled shift,Full gate,2,0.95,0.11189222609418849
Coupled shift,Full gate,2,1.0,0.1144439789065266
Coupled shift,Full gate,3,0.3,0.07386391957240307
Coupled shift,Full gate,3,0.35,0.07976596039829653
Coupled shift,Full gate,3,0.39999999999999997,0.07950407964612252
Coupled shift,Full gate,3,0.44999999999999996,0.08172988133605819
Coupled shift,Full gate,3,0.5,0.08642121180646016
Coupled shift,Full gate,3,0.5499999999999999,0.08219271179649497
Coupled shift,Full gate,3,0.6,0.08370564425777492
Coupled shift,Full gate,3,0.6499999999999999,0.08803065695999955
Coupled shift,Full gate,3,0.7,0.09604907200880718
Coupled shift,Full gate,3,0.75,0.10211717249249345
Coupled shift,Full gate,3,0.7999999999999999,0.1052436450969838
Coupled shift,Full gate,3,0.8499999999999999,0.10419948194395831
Coupled shift,Full gate,3,0.8999999999999999,0.11426770338120526
Coupled shift,Full gate,3,0.95,0.11180936793437601
Coupled shift,Full gate,3,1.0,0.11749952164668034
Coupled shift,Full gate,4,0.3,0.0791738496668889
Coupled shift,Full gate,4,0.35,0.07869592020404931
Coupled shift,Full gate,4,0.39999999999999997,0.0807107700163609
Coupled shift,Full gate,4,0.44999999999999996,0.08339277365401097
Coupled shift,Full gate,4,0.5,0.08638376572668979
Coupled shift,Full gate,4,0.5499999999999999,0.08998352017244103
Coupled shift,Full gate,4,0.6,0.08763506089589478
Coupled shift,Full gate,4,0.6499999999999999,0.09258792536784793
Coupled shift,Full gate,4,0.7,0.09247928524214333
Coupled shift,Full gate,4,0.75,0.09787683643096673
Coupled shift,Full gate,4,0.7999999999999999,0.1026755978002265
Coupled shift,Full gate,4,0.8499999999999999,0.10243865976135388
Coupled shift,Full gate,4,0.8999999999999999,0.10760566218703455
Coupled shift,Full gate,4,0.95,0.11018639359990225
Coupled shift,Full gate,4,1.0,0.11858301649939294
Coupled shift,Full gate,5,0.3,0.07765688197271273
Coupled shift,Full gate,5,0.35,0.07197235682187596
Coupled shift,Full gate,5,0.39999999999999997,0.08518638338753456
Coupled shift,Full gate,5,0.44999999999999996,0.08239200313331388
Coupled shift,Full gate,5,0.5,0.08987687844120108
Coupled shift,Full gate,5,0.5499999999999999,0.08768863442492898
Coupled shift,Full gate,5,0.6,0.09026537570975572
Coupled shift,Full gate,5,0.6499999999999999,0.0877830611192479
Coupled shift,Full gate,5,0.7,0.09389415070572196
Coupled shift,Full gate,5,0.75,0.0990117061011108
Coupled shift,Full gate,5,0.7999999999999999,0.10274978537360425
Coupled shift,Full gate,5,0.8499999999999999,0.10817334338187115
Coupled shift,Full gate,5,0.8999999999999999,0.11200041211225849
Coupled shift,Full gate,5,0.95,0.10912693497847271
Coupled shift,Full gate,5,1.0,0.11740570302658278
Coupled shift,Full gate,6,0.3,0.07688614186592337
Coupled shift,Full gate,6,0.35,0.07581091993016437
Coupled shift,Full gate,6,0.39999999999999997,0.08182123154105915
Coupled shift,Full gate,6,0.44999999999999996,0.08026052292933228
Coupled shift,Full gate,6,0.5,0.07941876154766832
Coupled shift,Full gate,6,0.5499999999999999,0.08203719023484062
Coupled shift,Full gate,6,0.6,0.09392191125882543
Coupled shift,Full gate,6,0.6499999999999999,0.0926134194348181
Coupled shift,Full gate,6,0.7,0.09899236100415079
Coupled shift,Full gate,6,0.75,0.09993505222247655
Coupled shift,Full gate,6,0.7999999999999999,0.09557976150528137
Coupled shift,Full gate,6,0.8499999999999999,0.10967210450144102
Coupled shift,Full gate,6,0.8999999999999999,0.10700518781180898
Coupled shift,Full gate,6,0.95,0.1126208657161316
Coupled shift,Full gate,6,1.0,0.11963514260066602
Coupled shift,Full gate,7,0.3,0.08155955038876062
Coupled shift,Full gate,7,0.35,0.08287860418146141
Coupled shift,Full gate,7,0.39999999999999997,0.08142064437467253
Coupled shift,Full gate,7,0.44999999999999996,0.08478189473719135
Coupled shift,Full gate,7,0.5,0.0843705507335627
Coupled shift,Full gate,7,0.5499999999999999,0.08859644822694233
Coupled shift,Full gate,7,0.6,0.08217314069664243
Coupled shift,Full gate,7,0.6499999999999999,0.08963055857629458
Coupled shift,Full gate,7,0.7,0.09311239095253854
Coupled shift,Full gate,7,0.75,0.09469178182803432
Coupled shift,Full gate,7,0.7999999999999999,0.10542229686577131
Coupled shift,Full gate,7,0.8499999999999999,0.09959750243687088
Coupled shift,Full gate,7,0.8999999999999999,0.108608024589327
Coupled shift,Full gate,7,0.95,0.11722638004567576
Coupled shift,Full gate,7,1.0,0.12015640913726139
Coupled shift,Full gate,8,0.3,0.07885651906609191
Coupled shift,Full gate,8,0.35,0.08060676626624581
Coupled shift,Full gate,8,0.39999999999999997,0.0833645965449886
Coupled shift,Full gate,8,0.44999999999999996,0.0842176870434082
Coupled shift,Full gate,8,0.5,0.09192815488130004
Coupled shift,Full gate,8,0.5499999999999999,0.08966496486638516
Coupled shift,Full gate,8,0.6,0.08510035244434905
Coupled shift,Full gate,8,0.6499999999999999,0.09363610474752664
Coupled shift,Full gate,8,0.7,0.09224143692380564
Coupled shift,Full gate,8,0.75,0.09685708496897594
Coupled shift,Full gate,8,0.7999999999999999,0.10363733717394805
Coupled shift,Full gate,8,0.8499999999999999,0.10728869345637107
Coupled shift,Full gate,8,0.8999999999999999,0.10620400837483485
Coupled shift,Full gate,8,0.95,0.11237266853064404
Coupled shift,Full gate,8,1.0,0.11597229339960838
Coupled shift,Full gate,9,0.3,0.08120464418042077
Coupled shift,Full gate,9,0.35,0.08077645393782173
Coupled shift,Full gate,9,0.39999999999999997,0.0795619942885242
Coupled shift,Full gate,9,0.44999999999999996,0.08524685634076394
Coupled shift,Full gate,9,0.5,0.08400108817143251
Coupled shift,Full gate,9,0.5499999999999999,0.08568202688968951
Coupled shift,Full gate,9,0.6,0.08638338320438536
Coupled shift,Full gate,9,0.6499999999999999,0.09225738375693607
Coupled shift,Full gate,9,0.7,0.09449744933301524
Coupled shift,Full gate,9,0.75,0.09787614244914816
Coupled shift,Full gate,9,0.7999999999999999,0.10266047549531172
Coupled shift,Full gate,9,0.8499999999999999,0.10288769005934569
Coupled shift,Full gate,9,0.8999999999999999,0.10375874910784254
Coupled shift,Full gate,9,0.95,0.11300248382066673
Coupled shift,Full gate,9,1.0,0.10691596236710156
Coupled shift,Full gate,10,0.3,0.07625471352796383
Coupled shift,Full gate,10,0.35,0.08285108179753431
Coupled shift,Full gate,10,0.39999999999999997,0.08163463034777242
Coupled shift,Full gate,10,0.44999999999999996,0.07769295268847744
Coupled shift,Full gate,10,0.5,0.08661485043440405
Coupled shift,Full gate,10,0.5499999999999999,0.08947547707520914
Coupled shift,Full gate,10,0.6,0.08551153777482956
Coupled shift,Full gate,10,0.6499999999999999,0.09395636912126833
Coupled shift,Full gate,10,0.7,0.09518753864626948
Coupled shift,Full gate,10,0.75,0.09885182807767591
Coupled shift,Full gate,10,0.7999999999999999,0.10555249025150795
Coupled shift,Full gate,10,0.8499999999999999,0.09849625902673155
Coupled shift,Full gate,10,0.8999999999999999,0.1048734457330599
Coupled shift,Full gate,10,0.95,0.11082124527854689
Coupled shift,Full gate,10,1.0,0.114244315225497
Coupled shift,Full gate,11,0.3,0.0803731136700079
Coupled shift,Full gate,11,0.35,0.08264165695401465
Coupled shift,Full gate,11,0.39999999999999997,0.07933818800183678
Coupled shift,Full gate,11,0.44999999999999996,0.08605891902517358
Coupled shift,Full gate,11,0.5,0.08599617130142789
Coupled shift,Full gate,11,0.5499999999999999,0.08787312718310329
Coupled shift,Full gate,11,0.6,0.08609599048597139
Coupled shift,Full gate,11,0.6499999999999999,0.09040477467597184
Coupled shift,Full gate,11,0.7,0.09381916622773072
Coupled shift,Full gate,11,0.75,0.09453601459860039
Coupled shift,Full gate,11,0.7999999999999999,0.09616700187528898
Coupled shift,Full gate,11,0.8499999999999999,0.10391659951486788
Coupled shift,Full gate,11,0.8999999999999999,0.1019695918796323
Coupled shift,Full gate,11,0.95,0.11508674708712056
Coupled shift,Full gate,11,1.0,0.11518551782717519
Coupled shift,Full gate,12,0.3,0.08061451493019683
Coupled shift,Full gate,12,0.35,0.08165322756454865
Coupled shift,Full gate,12,0.39999999999999997,0.08409320270204108
Coupled shift,Full gate,12,0.44999999999999996,0.07632702343781245
Coupled shift,Full gate,12,0.5,0.08991918389888003
Coupled shift,Full gate,12,0.5499999999999999,0.08915482065648785
Coupled shift,Full gate,12,0.6,0.08282668341114773
Coupled shift,Full gate,12,0.6499999999999999,0.09089148868198164
Coupled shift,Full gate,12,0.7,0.09393293743260264
Coupled shift,Full gate,12,0.75,0.10230440238069693
Coupled shift,Full gate,12,0.7999999999999999,0.10210139981828037
Coupled shift,Full gate,12,0.8499999999999999,0.10523059685688455
Coupled shift,Full gate,12,0.8999999999999999,0.10972105888104944
Coupled shift,Full gate,12,0.95,0.11044277465586362
Coupled shift,Full gate,12,1.0,0.12102871962123388
Coupled shift,Full gate,13,0.3,0.07865585763888494
Coupled shift,Full gate,13,0.35,0.07677036235299362
Coupled shift,Full gate,13,0.39999999999999997,0.07750916362877447
Coupled shift,Full gate,13,0.44999999999999996,0.08533959440577542
Coupled shift,Full gate,13,0.5,0.07799876725472911
Coupled shift,Full gate,13,0.5499999999999999,0.08389183651545154
Coupled shift,Full gate,13,0.6,0.08980765544446209
Coupled shift,Full gate,13,0.6499999999999999,0.09416475100670785
Coupled shift,Full gate,13,0.7,0.09316191209691618
Coupled shift,Full gate,13,0.75,0.0949341280541047
Coupled shift,Full gate,13,0.7999999999999999,0.10074991920251399
Coupled shift,Full gate,13,0.8499999999999999,0.10197536494814353
Coupled shift,Full gate,13,0.8999999999999999,0.11144286611663257
Coupled shift,Full gate,13,0.95,0.11104666710003101
Coupled shift,Full gate,13,1.0,0.11932372185249793
Coupled shift,Full gate,14,0.3,0.07546729891362683
Coupled shift,Full gate,14,0.35,0.07880537595569115
Coupled shift,Full gate,14,0.39999999999999997,0.080946028292804
Coupled shift,Full gate,14,0.44999999999999996,0.08759612867510311
Coupled shift,Full gate,14,0.5,0.09155532061417009
Coupled shift,Full gate,14,0.5499999999999999,0.09161475635070115
Coupled shift,Full gate,14,0.6,0.08904967504659296
Coupled shift,Full gate,14,0.6499999999999999,0.09325343477099883
Coupled shift,Full gate,14,0.7,0.09885980119562122
Coupled shift,Full gate,14,0.75,0.09426359322027007
Coupled shift,Full gate,14,0.7999999999999999,0.0971116679314812
Coupled shift,Full gate,14,0.8499999999999999,0.10034039740527961
Coupled shift,Full gate,14,0.8999999999999999,0.10667389668174027
Coupled shift,Full gate,14,0.95,0.11639183494264044
Coupled shift,Full gate,14,1.0,0.11191346546975565
Coupled shift,Full gate,15,0.3,0.07427780862080871
Coupled shift,Full gate,15,0.35,0.07479601471929953
Coupled shift,Full gate,15,0.39999999999999997,0.07922611459129159
Coupled shift,Full gate,15,0.44999999999999996,0.07902312069099127
Coupled shift,Full gate,15,0.5,0.08517683113150414
Coupled shift,Full gate,15,0.5499999999999999,0.08791271600674715
Coupled shift,Full gate,15,0.6,0.08427587531491389
Coupled shift,Full gate,15,0.6499999999999999,0.09729107066563093
Coupled shift,Full gate,15,0.7,0.09719108848919984
Coupled shift,Full gate,15,0.75,0.09580802800370566
Coupled shift,Full gate,15,0.7999999999999999,0.09943209488455161
Coupled shift,Full gate,15,0.8499999999999999,0.10161283074120044
Coupled shift,Full gate,15,0.8999999999999999,0.11095930051584153
Coupled shift,Full gate,15,0.95,0.11501457128893261
Coupled shift,Full gate,15,1.0,0.1130892651206357
